F1,Avg Train Time,Avg Test Time,CLF,Feature Finder,Convert Grey,RootSIFT,PCA First,K Clusters,PCA Ratio,TF-IDF,Incremental Threshold
0.522666666667,3.75278177261,3.15771079063,PassiveAggressiveClassifier,ORB,False,False,True,200.0,0.25,False,20.0
0.52,3.53901047707,2.87854104042,Perceptron,ORB,True,False,True,100.0,0.75,True,25.0
0.516,2.92228193283,2.74871573448,BernoulliNB,ORB,False,False,True,50.0,0.75,False,25.0
0.514666666667,4.28864207268,3.20647726059,BernoulliNB,ORB,False,False,True,200.0,1.0,False,20.0
0.514666666667,3.14818153381,2.87677755356,PassiveAggressiveClassifier,ORB,False,False,True,100.0,0.5,False,15.0
0.513333333333,2.96014909744,2.76217260361,PassiveAggressiveClassifier,ORB,False,False,True,50.0,1.0,False,25.0
0.510666666667,4.35742740631,3.13004202843,PassiveAggressiveClassifier,ORB,False,False,True,200.0,0.5,False,25.0
0.510666666667,3.93574762344,3.13411240578,BernoulliNB,ORB,True,False,True,200.0,0.75,True,20.0
0.509333333333,4.38541040421,3.12790045738,BernoulliNB,ORB,True,False,True,200.0,0.5,False,25.0
0.508,5.27637405396,4.10432534218,PassiveAggressiveClassifier,ORB,True,True,True,200.0,1.0,False,25.0
0.506666666667,4.84863357544,4.15233616829,PassiveAggressiveClassifier,ORB,False,True,True,200.0,0.75,False,20.0
0.505333333333,5.24304537773,4.15383138657,BernoulliNB,ORB,False,True,True,200.0,0.75,True,25.0
0.504,4.02298178673,3.85487990379,PassiveAggressiveClassifier,ORB,False,True,True,100.0,0.5,True,20.0
0.504,4.53982086182,4.10725922585,PassiveAggressiveClassifier,ORB,False,True,True,200.0,0.25,False,20.0
0.502666666667,4.91144161224,4.1162276268,Perceptron,ORB,False,True,True,200.0,0.25,True,25.0
0.501333333333,3.41906518936,2.91325445175,BernoulliNB,ORB,True,False,True,100.0,0.75,True,25.0
0.501333333333,3.38166360855,3.70114712715,BernoulliNB,ORB,False,True,True,50.0,0.5,False,20.0
0.501333333333,4.02809772491,3.15740857124,Perceptron,ORB,True,False,True,200.0,0.75,True,15.0
0.5,4.45969371796,3.18112196922,BernoulliNB,ORB,False,False,True,200.0,0.75,True,25.0
0.5,3.18509082794,2.88515086174,Perceptron,ORB,False,False,True,100.0,0.25,True,15.0
0.5,4.90442247391,4.04746832848,BernoulliNB,ORB,True,True,True,200.0,0.25,True,25.0
0.5,4.73866038322,4.09644203186,PassiveAggressiveClassifier,ORB,True,True,True,200.0,0.75,False,15.0
0.498666666667,3.28935751915,2.84394159317,BernoulliNB,ORB,False,False,True,100.0,0.75,False,20.0
0.497333333333,2.64925785065,2.73351178169,BernoulliNB,ORB,False,False,True,50.0,0.75,False,10.0
0.497333333333,4.12439846992,3.17140679359,PassiveAggressiveClassifier,ORB,True,False,True,200.0,1.0,True,20.0
0.497333333333,5.50343551636,4.1381893158,PassiveAggressiveClassifier,ORB,False,True,True,200.0,0.5,False,25.0
0.496,2.7491631031,2.76162881851,BernoulliNB,ORB,False,False,True,50.0,0.5,False,25.0
0.494666666667,4.91071362495,3.30207023621,PassiveAggressiveClassifier,ORB,True,False,True,200.0,0.75,True,25.0
0.494666666667,4.78121752739,4.101217556,PassiveAggressiveClassifier,ORB,True,True,True,200.0,0.75,True,10.0
0.494666666667,4.03047084808,3.81874279976,SGDClassifier,ORB,False,True,True,100.0,0.5,False,10.0
0.494666666667,3.39992661476,2.88157606125,SGDClassifier,ORB,True,False,True,100.0,0.25,True,25.0
0.493333333333,3.89749302864,3.16292982101,SGDClassifier,ORB,False,False,True,200.0,0.25,True,20.0
0.493333333333,4.04815168381,3.80858588219,PassiveAggressiveClassifier,ORB,True,True,True,100.0,0.5,False,25.0
0.493333333333,4.82832818031,4.1616332531,SGDClassifier,ORB,False,True,True,200.0,1.0,True,20.0
0.493333333333,4.71811494827,4.09044194221,PassiveAggressiveClassifier,ORB,True,True,True,200.0,0.25,True,15.0
0.492,4.61961135864,3.18919277191,PassiveAggressiveClassifier,ORB,False,False,True,200.0,0.75,True,25.0
0.492,3.89478616714,3.83553938866,PassiveAggressiveClassifier,ORB,True,True,True,100.0,1.0,False,20.0
0.492,5.88321475983,4.12237362862,Perceptron,ORB,False,True,True,200.0,0.5,False,25.0
0.490666666667,4.23811917305,3.15473322868,Perceptron,ORB,True,False,True,200.0,1.0,False,15.0
0.489333333333,4.78217406273,4.06313467026,SGDClassifier,ORB,True,True,True,200.0,0.75,False,20.0
0.489333333333,4.07506680489,3.12081418037,BernoulliNB,ORB,True,False,True,200.0,0.5,False,20.0
0.489333333333,4.85296740532,4.14963998795,BernoulliNB,ORB,False,True,True,200.0,0.75,True,20.0
0.488,4.65958800316,4.11561923027,BernoulliNB,ORB,True,True,True,200.0,1.0,True,20.0
0.488,4.09262895584,3.86338877678,SGDClassifier,ORB,False,True,True,100.0,1.0,False,15.0
0.488,5.29304733276,4.11197419167,Perceptron,ORB,False,True,True,200.0,0.75,False,25.0
0.488,4.26675095558,3.17080492973,BernoulliNB,ORB,False,False,True,200.0,0.75,True,20.0
0.488,2.75485897064,2.7799767971,BernoulliNB,ORB,False,False,True,50.0,1.0,False,15.0
0.486666666667,3.58273425102,2.83482604027,SGDClassifier,ORB,True,False,True,100.0,0.75,False,25.0
0.486666666667,3.59504718781,2.89881162643,Perceptron,ORB,False,False,True,100.0,1.0,True,25.0
0.486666666667,4.49515776634,3.20498666763,PassiveAggressiveClassifier,ORB,False,False,True,200.0,1.0,True,25.0
0.486666666667,4.7280403614,4.09608597755,BernoulliNB,ORB,False,True,True,200.0,0.5,False,20.0
0.486666666667,5.37691597939,4.15227155685,PassiveAggressiveClassifier,ORB,False,True,True,200.0,1.0,True,25.0
0.486666666667,4.00585947037,3.81078276634,Perceptron,ORB,False,True,True,100.0,0.25,False,10.0
0.486666666667,2.38898735046,2.64951996803,Perceptron,ORB,True,False,True,25.0,0.75,False,10.0
0.485333333333,3.15797100067,2.87707023621,Perceptron,ORB,True,False,True,100.0,0.5,False,15.0
0.485333333333,4.73871974945,4.09392738342,SGDClassifier,ORB,True,True,True,200.0,0.75,True,20.0
0.485333333333,4.18613023758,3.13402042389,Perceptron,ORB,False,False,True,200.0,0.25,False,25.0
0.485333333333,3.8931333065,3.83071184158,PassiveAggressiveClassifier,ORB,True,True,True,100.0,0.75,False,20.0
0.485333333333,3.15964837074,2.90288100243,Perceptron,ORB,False,False,True,100.0,0.5,False,15.0
0.485333333333,4.83914189339,4.0021545887,PassiveAggressiveClassifier,ORB,True,True,True,200.0,0.5,False,20.0
0.485333333333,5.25121378899,4.0761988163,BernoulliNB,ORB,True,True,True,200.0,0.75,True,25.0
0.485333333333,4.71056776047,4.10940008163,PassiveAggressiveClassifier,ORB,True,True,True,200.0,1.0,False,10.0
0.484,3.44386358261,3.7035015583,SGDClassifier,ORB,True,True,True,50.0,1.0,False,20.0
0.484,2.31741580963,2.65201320648,BernoulliNB,ORB,True,False,True,25.0,0.5,False,20.0
0.484,3.06828403473,2.85808854103,BernoulliNB,ORB,True,False,True,100.0,0.75,False,20.0
0.484,5.54415502548,4.12332377434,BernoulliNB,ORB,True,True,True,200.0,0.5,False,25.0
0.484,3.33684420586,2.90195236206,PassiveAggressiveClassifier,ORB,False,False,True,100.0,0.5,True,20.0
0.484,5.07481923103,4.13266067505,SGDClassifier,ORB,True,True,True,200.0,1.0,True,25.0
0.484,3.97046217918,3.80744161606,BernoulliNB,ORB,True,True,True,100.0,0.5,True,25.0
0.482666666667,3.87960577011,3.13525075912,SGDClassifier,ORB,True,False,True,200.0,0.5,False,10.0
0.482666666667,2.91787142754,2.77852759361,BernoulliNB,ORB,False,False,True,50.0,1.0,False,20.0
0.482666666667,4.78472137451,4.14713578224,Perceptron,ORB,False,True,True,200.0,1.0,False,20.0
0.482666666667,3.82617340088,3.83664784431,SGDClassifier,ORB,False,True,True,100.0,0.25,False,20.0
0.482666666667,3.95881943703,3.78969225883,PassiveAggressiveClassifier,ORB,True,True,True,100.0,0.5,False,15.0
0.481333333333,3.74874424934,3.70550508499,BernoulliNB,ORB,False,True,True,50.0,0.5,False,25.0
0.481333333333,3.17503437996,2.91464705467,BernoulliNB,ORB,True,False,True,100.0,1.0,True,20.0
0.481333333333,4.49573225975,3.22159457207,SGDClassifier,ORB,False,False,True,200.0,1.0,False,20.0
0.481333333333,4.07086501122,3.79795103073,PassiveAggressiveClassifier,ORB,True,True,True,100.0,0.5,True,25.0
0.481333333333,2.56876058578,2.69840741158,PassiveAggressiveClassifier,ORB,False,False,True,25.0,0.5,False,25.0
0.481333333333,5.06172399521,4.06942076683,BernoulliNB,ORB,True,True,True,200.0,0.75,False,25.0
0.481333333333,2.5372616291,2.68272051811,SGDClassifier,ORB,True,False,True,25.0,0.75,False,25.0
0.48,4.51752839088,3.15463638306,BernoulliNB,ORB,True,False,True,200.0,1.0,True,25.0
0.48,4.49069457054,4.09881634712,Perceptron,ORB,True,True,True,200.0,0.5,False,10.0
0.48,4.99844665527,4.05903377533,PassiveAggressiveClassifier,ORB,False,True,True,200.0,0.25,True,20.0
0.478666666667,3.19273076057,2.89278697968,Perceptron,ORB,False,False,True,100.0,0.5,True,25.0
0.478666666667,2.87958335876,2.72134737968,BernoulliNB,ORB,True,False,True,50.0,1.0,False,25.0
0.477333333333,3.14809446335,2.89658579826,PassiveAggressiveClassifier,ORB,True,False,True,100.0,0.5,False,15.0
0.477333333333,4.00210614204,3.82838449478,BernoulliNB,ORB,True,True,True,100.0,0.75,False,15.0
0.477333333333,3.377318573,3.7027141571,BernoulliNB,ORB,True,True,True,50.0,0.75,False,20.0
0.477333333333,4.66532936096,4.12857699394,PassiveAggressiveClassifier,ORB,False,True,True,200.0,0.75,True,10.0
0.477333333333,3.36294007301,3.73304343224,BernoulliNB,ORB,False,True,True,50.0,0.25,False,20.0
0.477333333333,3.74302449226,3.74115586281,SGDClassifier,ORB,False,True,True,50.0,1.0,False,25.0
0.476,4.04080104828,3.15765948296,BernoulliNB,ORB,False,False,True,200.0,0.5,False,15.0
0.476,2.56428704262,2.70138659477,BernoulliNB,ORB,False,False,True,25.0,0.75,False,25.0
0.476,3.4399895668,3.65661301613,SGDClassifier,ORB,False,True,True,25.0,1.0,False,25.0
0.474666666667,3.14133415222,3.63001980782,Perceptron,ORB,True,True,True,25.0,1.0,False,20.0
0.474666666667,4.38486633301,3.14975013733,SGDClassifier,ORB,False,False,True,200.0,0.25,False,25.0
0.474666666667,3.4830121994,3.73829436302,PassiveAggressiveClassifier,ORB,False,True,True,50.0,1.0,False,5.0
0.474666666667,4.43696713448,3.18313598633,Perceptron,ORB,False,False,True,200.0,0.75,False,25.0
0.474666666667,3.14998116493,2.85968742371,Perceptron,ORB,False,False,True,100.0,0.5,False,25.0
0.473333333333,4.71869034767,4.01545276642,SGDClassifier,ORB,False,True,True,200.0,0.25,True,15.0
0.473333333333,4.21216611862,3.17307486534,Perceptron,ORB,False,False,True,200.0,0.75,False,20.0
0.473333333333,4.22034683228,3.14152531624,SGDClassifier,ORB,True,False,True,200.0,0.5,True,25.0
0.473333333333,4.58615021706,3.97421603203,PassiveAggressiveClassifier,ORB,False,True,True,100.0,0.5,False,25.0
0.473333333333,3.80586371422,3.83111963272,BernoulliNB,ORB,True,True,True,100.0,1.0,True,20.0
0.472,3.38130989075,3.70303416252,PassiveAggressiveClassifier,ORB,False,True,True,50.0,0.25,False,20.0
0.472,3.318110466,3.6260846138,Perceptron,ORB,False,True,True,25.0,0.5,False,15.0
0.472,4.75260667801,3.2128900528,Perceptron,ORB,True,False,True,200.0,1.0,True,25.0
0.472,4.28933343887,3.16452264786,SGDClassifier,ORB,False,False,True,200.0,0.75,False,20.0
0.470666666667,3.58974690437,2.90629396439,PassiveAggressiveClassifier,ORB,False,False,True,100.0,0.75,True,25.0
0.470666666667,3.46378011703,3.55622377396,SGDClassifier,ORB,False,True,True,25.0,0.75,False,25.0
0.470666666667,3.99614305496,3.12779102325,BernoulliNB,ORB,False,False,True,200.0,0.5,False,20.0
0.470666666667,4.46744961739,3.79314017296,BernoulliNB,ORB,False,True,True,100.0,0.25,False,25.0
0.470666666667,4.25734386444,3.14496326447,Perceptron,ORB,False,False,True,200.0,0.5,False,25.0
0.470666666667,5.30598015785,4.13293056488,BernoulliNB,ORB,False,True,True,200.0,0.5,False,25.0
0.470666666667,4.70462417603,4.12319846153,BernoulliNB,ORB,False,True,True,200.0,0.25,True,20.0
0.469333333333,3.93278112411,3.89251523018,Perceptron,ORB,False,True,True,100.0,1.0,True,20.0
0.469333333333,4.78063483238,4.02030687332,PassiveAggressiveClassifier,ORB,False,True,True,200.0,0.25,False,15.0
0.469333333333,3.07666344643,2.86766958237,Perceptron,ORB,True,False,True,100.0,0.5,False,20.0
0.469333333333,5.23784279823,4.14805860519,SGDClassifier,ORB,True,True,True,200.0,1.0,False,25.0
0.469333333333,4.18385148048,3.81112866402,BernoulliNB,ORB,True,True,True,100.0,0.5,False,25.0
0.469333333333,2.62998313904,2.71745357513,BernoulliNB,ORB,True,False,True,50.0,0.5,False,20.0
0.468,3.42334499359,3.68628005981,SGDClassifier,ORB,True,True,True,50.0,0.75,False,20.0
0.468,4.69669046402,4.10426397324,PassiveAggressiveClassifier,ORB,True,True,True,200.0,1.0,True,10.0
0.468,4.76849017143,4.14607863426,BernoulliNB,ORB,False,True,True,200.0,0.75,False,20.0
0.468,3.51071343422,3.70408363342,Perceptron,ORB,True,True,True,50.0,0.5,False,10.0
0.468,4.77431225777,4.05721101761,BernoulliNB,ORB,True,True,True,200.0,0.5,True,15.0
0.468,4.49117155075,4.06290340424,PassiveAggressiveClassifier,ORB,True,True,True,200.0,0.5,True,20.0
0.468,3.58168706894,2.92121863365,Perceptron,ORB,False,False,True,100.0,0.75,False,25.0
0.468,4.8543161869,4.08202562332,SGDClassifier,ORB,True,True,True,200.0,0.5,True,15.0
0.468,3.52542929649,3.72012033463,SGDClassifier,ORB,True,True,True,50.0,1.0,False,15.0
0.468,4.3810778141,3.84562416077,PassiveAggressiveClassifier,ORB,True,True,True,100.0,1.0,False,25.0
0.466666666667,3.47325758934,2.85083060265,SGDClassifier,ORB,True,False,True,100.0,1.0,False,25.0
0.466666666667,3.65022892952,3.68961415291,Perceptron,ORB,False,True,True,50.0,0.25,False,25.0
0.466666666667,3.05210943222,2.77244920731,Perceptron,ORB,True,False,True,50.0,0.5,False,25.0
0.466666666667,4.10880932808,3.16505799294,SGDClassifier,ORB,True,False,True,200.0,1.0,False,15.0
0.465333333333,2.72748408318,2.75325756073,BernoulliNB,ORB,False,False,True,50.0,0.75,False,15.0
0.465333333333,2.67071943283,2.73714761734,PassiveAggressiveClassifier,ORB,True,False,True,50.0,0.75,False,20.0
0.465333333333,3.53534698486,2.90077319145,BernoulliNB,ORB,False,False,True,100.0,0.75,True,25.0
0.465333333333,3.54234480858,3.68805356026,Perceptron,ORB,True,True,True,50.0,0.25,False,25.0
0.465333333333,2.94166359901,2.85186357498,BernoulliNB,ORB,True,False,True,100.0,0.25,True,20.0
0.465333333333,4.46947817802,4.12615766525,BernoulliNB,ORB,False,True,True,200.0,0.5,True,20.0
0.465333333333,3.85677995682,3.80715155602,BernoulliNB,ORB,True,True,True,100.0,0.25,False,20.0
0.465333333333,4.0130988121,3.16832742691,Perceptron,ORB,True,False,True,200.0,1.0,True,20.0
0.464,3.15374774933,2.92320418358,BernoulliNB,ORB,False,False,True,100.0,1.0,False,20.0
0.464,3.86926860809,3.80665535927,Perceptron,ORB,True,True,True,100.0,1.0,False,20.0
0.464,5.253510952,4.10845756531,PassiveAggressiveClassifier,ORB,True,True,True,200.0,0.5,True,25.0
0.464,5.58081378937,4.10552620888,Perceptron,ORB,True,True,True,200.0,0.75,False,25.0
0.464,2.68874940872,2.85131216049,SGDClassifier,ORB,False,False,True,50.0,0.75,False,5.0
0.464,3.39557986259,3.61229667664,Perceptron,ORB,True,True,True,25.0,0.25,False,25.0
0.464,3.40186319351,3.60478005409,BernoulliNB,ORB,True,True,True,25.0,0.25,False,25.0
0.464,4.28627910614,3.14854660034,BernoulliNB,ORB,True,False,True,200.0,0.5,True,25.0
0.464,4.77668814659,4.13269872665,SGDClassifier,ORB,False,True,True,200.0,0.5,False,20.0
0.464,4.14348430634,3.15034651756,PassiveAggressiveClassifier,ORB,True,False,True,200.0,0.75,False,15.0
0.462666666667,3.11375145912,2.88678197861,BernoulliNB,ORB,True,False,True,100.0,0.5,True,20.0
0.462666666667,4.43551645279,4.09831357002,Perceptron,ORB,False,True,True,200.0,0.5,True,10.0
0.462666666667,4.62421002388,4.1734099865,Perceptron,ORB,False,True,True,200.0,1.0,True,20.0
0.462666666667,3.5685133934,3.71726441383,PassiveAggressiveClassifier,ORB,False,True,True,50.0,0.25,False,15.0
0.462666666667,3.39207119942,3.69878287315,SGDClassifier,ORB,False,True,True,50.0,0.5,False,20.0
0.462666666667,4.01775665283,3.10976085663,SGDClassifier,ORB,True,False,True,200.0,0.5,False,20.0
0.461333333333,2.77033715248,2.7337082386,BernoulliNB,ORB,True,False,True,50.0,0.25,False,25.0
0.461333333333,4.06437382698,3.1682706356,PassiveAggressiveClassifier,ORB,False,False,True,200.0,0.5,False,15.0
0.461333333333,3.71495881081,3.67142782211,BernoulliNB,ORB,True,True,True,25.0,0.75,False,25.0
0.461333333333,3.25536060333,3.62382850647,SGDClassifier,ORB,False,True,True,25.0,0.5,False,10.0
0.461333333333,4.49860577583,4.07811965942,PassiveAggressiveClassifier,ORB,True,True,True,200.0,0.25,False,5.0
0.461333333333,3.06655845642,2.83758602142,SGDClassifier,ORB,True,False,True,100.0,0.5,False,20.0
0.46,3.19889879227,3.64027462006,SGDClassifier,ORB,False,True,True,25.0,0.5,False,20.0
0.46,4.23060917854,3.8693675518,PassiveAggressiveClassifier,ORB,False,True,True,100.0,0.75,True,25.0
0.46,3.50693235397,3.67924194336,BernoulliNB,ORB,True,True,True,50.0,0.5,False,15.0
0.46,4.11231918335,3.76602039337,PassiveAggressiveClassifier,ORB,False,True,True,100.0,0.75,True,15.0
0.46,5.23727021217,4.14420433044,Perceptron,ORB,False,True,True,200.0,0.75,True,25.0
0.46,4.55229172707,4.15398216248,SGDClassifier,ORB,False,True,True,200.0,0.5,True,5.0
0.46,3.22710499763,2.91594905853,BernoulliNB,ORB,False,False,True,100.0,1.0,False,15.0
0.46,4.72285199165,3.19886379242,SGDClassifier,ORB,False,False,True,200.0,1.0,False,25.0
0.46,3.03338422775,2.90197558403,BernoulliNB,ORB,False,False,True,100.0,0.5,True,20.0
0.46,2.58480019569,2.67809824944,PassiveAggressiveClassifier,ORB,True,False,True,25.0,1.0,False,25.0
0.46,3.08977665901,2.85375642776,SGDClassifier,ORB,True,False,True,100.0,0.75,True,20.0
0.46,3.24064540863,3.63758807182,SGDClassifier,ORB,True,True,True,25.0,0.75,False,10.0
0.46,3.13436398506,2.90215940475,SGDClassifier,ORB,False,False,True,100.0,0.5,True,15.0
0.458666666667,3.0674841404,2.89412941933,PassiveAggressiveClassifier,ORB,True,False,True,100.0,0.5,False,10.0
0.458666666667,3.45180702209,3.71677942276,BernoulliNB,ORB,False,True,True,50.0,1.0,False,20.0
0.458666666667,3.49984378815,2.90614681244,PassiveAggressiveClassifier,ORB,False,False,True,100.0,1.0,False,25.0
0.458666666667,4.33153805733,3.85260519981,PassiveAggressiveClassifier,ORB,True,True,True,100.0,1.0,True,25.0
0.458666666667,3.83224816322,3.74903717041,Perceptron,ORB,True,True,True,100.0,1.0,False,5.0
0.458666666667,4.6226295948,3.99966778755,PassiveAggressiveClassifier,ORB,True,True,True,200.0,0.25,False,10.0
0.458666666667,4.30986776352,3.14647598267,PassiveAggressiveClassifier,ORB,True,False,True,200.0,0.25,True,25.0
0.457333333333,3.44450602531,2.89060254097,PassiveAggressiveClassifier,ORB,False,False,True,100.0,0.75,False,25.0
0.457333333333,4.60106854439,3.20184736252,BernoulliNB,ORB,False,False,True,200.0,1.0,True,25.0
0.457333333333,4.18806200027,3.84853239059,PassiveAggressiveClassifier,ORB,False,True,True,100.0,1.0,True,25.0
0.457333333333,3.75001277924,3.70754394531,SGDClassifier,ORB,True,True,True,50.0,1.0,False,25.0
0.457333333333,3.41341614723,3.60202898979,BernoulliNB,ORB,True,True,True,25.0,0.5,False,15.0
0.457333333333,4.22623066902,3.18333802223,BernoulliNB,ORB,False,False,True,200.0,1.0,False,15.0
0.457333333333,4.82385621071,4.10349035263,SGDClassifier,ORB,False,True,True,200.0,0.25,False,15.0
0.457333333333,3.22153091431,2.91001935005,BernoulliNB,ORB,False,False,True,100.0,0.75,False,15.0
0.457333333333,2.70141243935,2.76822299957,BernoulliNB,ORB,False,False,True,50.0,1.0,False,10.0
0.457333333333,2.49075336456,2.70031557083,Perceptron,ORB,False,False,True,25.0,0.75,False,20.0
0.457333333333,4.73968234062,4.00041055679,SGDClassifier,ORB,True,True,True,200.0,0.5,True,20.0
0.457333333333,3.32331619263,2.89297780991,Perceptron,ORB,False,False,True,100.0,0.25,True,25.0
0.457333333333,3.88297762871,3.81429629326,SGDClassifier,ORB,True,True,True,100.0,0.75,True,20.0
0.456,2.77358260155,2.71122860909,SGDClassifier,ORB,False,False,True,50.0,0.25,False,25.0
0.456,2.56755905151,2.69137802124,BernoulliNB,ORB,True,False,True,25.0,0.75,False,25.0
0.456,3.52580518723,3.71471118927,PassiveAggressiveClassifier,ORB,False,True,True,50.0,1.0,False,10.0
0.456,2.21965022087,2.65924606323,BernoulliNB,ORB,True,False,True,25.0,0.25,False,20.0
0.456,4.69901561737,4.09300546646,BernoulliNB,ORB,True,True,True,200.0,0.5,True,20.0
0.456,3.35266599655,3.56524682045,SGDClassifier,ORB,True,True,True,25.0,0.25,False,5.0
0.456,5.22586112022,4.07012758255,PassiveAggressiveClassifier,ORB,True,True,True,200.0,0.5,False,25.0
0.456,2.96312122345,2.84361701012,SGDClassifier,ORB,True,False,True,100.0,0.25,True,10.0
0.456,4.17855863571,3.77272458076,BernoulliNB,ORB,True,True,True,100.0,1.0,False,25.0
0.456,3.02864336967,2.89857978821,SGDClassifier,ORB,True,False,True,100.0,0.75,False,20.0
0.454666666667,3.1707968235,2.89671401978,Perceptron,ORB,False,False,True,100.0,1.0,True,20.0
0.454666666667,4.04090719223,3.84684481621,Perceptron,ORB,True,True,True,100.0,1.0,False,15.0
0.454666666667,4.7932902813,4.01757836342,BernoulliNB,ORB,True,True,True,200.0,0.25,False,25.0
0.454666666667,3.09321680069,2.90012059212,Perceptron,ORB,True,False,True,100.0,0.75,False,10.0
0.454666666667,2.59944033623,2.72463579178,Perceptron,ORB,False,False,True,25.0,0.5,False,25.0
0.454666666667,4.69098958969,3.92311635017,Perceptron,ORB,False,True,True,100.0,1.0,True,25.0
0.454666666667,3.93138017654,3.78801803589,SGDClassifier,ORB,False,True,True,100.0,0.75,False,20.0
0.454666666667,4.21436114311,3.79754953384,BernoulliNB,ORB,True,True,True,100.0,1.0,True,25.0
0.454666666667,2.63764066696,2.75873360634,PassiveAggressiveClassifier,ORB,True,False,True,50.0,0.75,False,15.0
0.454666666667,2.69229383469,2.75948414803,BernoulliNB,ORB,False,False,True,50.0,1.0,True,20.0
0.453333333333,3.47657337189,3.71355438232,Perceptron,ORB,True,True,True,50.0,0.75,False,10.0
0.453333333333,3.93199567795,3.74278054237,SGDClassifier,ORB,True,True,True,100.0,1.0,False,15.0
0.453333333333,3.68616580963,3.7150988102,BernoulliNB,ORB,True,True,True,50.0,1.0,False,10.0
0.453333333333,3.80517058372,3.18848190308,PassiveAggressiveClassifier,ORB,False,False,True,200.0,1.0,False,5.0
0.453333333333,3.77298436165,3.16170244217,SGDClassifier,ORB,False,False,True,200.0,0.5,True,5.0
0.453333333333,5.23437099457,4.08014974594,Perceptron,ORB,False,True,True,200.0,0.5,True,25.0
0.453333333333,3.21740293503,2.9070502758,PassiveAggressiveClassifier,ORB,False,False,True,100.0,0.75,True,20.0
0.453333333333,5.03220057487,3.33832564354,BernoulliNB,ORB,False,False,True,200.0,1.0,False,25.0
0.453333333333,4.26175069809,3.1521709919,SGDClassifier,ORB,True,False,True,200.0,0.25,True,25.0
0.453333333333,3.91332936287,3.17192625999,SGDClassifier,ORB,False,False,True,200.0,0.5,True,20.0
0.453333333333,5.6766108036,4.19234018326,Perceptron,ORB,False,True,True,200.0,1.0,False,25.0
0.453333333333,4.14782938957,3.15190820694,Perceptron,ORB,True,False,True,200.0,0.5,True,15.0
0.452,2.7559648037,2.76754937172,PassiveAggressiveClassifier,ORB,False,False,True,50.0,0.75,True,15.0
0.452,3.85594301224,3.82210464478,BernoulliNB,ORB,True,True,True,100.0,0.25,True,20.0
0.452,3.71669564247,3.81554679871,SGDClassifier,ORB,True,True,True,100.0,0.25,False,10.0
0.452,3.07437877655,2.8963804245,PassiveAggressiveClassifier,ORB,False,False,True,100.0,0.25,False,10.0
0.452,4.31051883698,3.16791782379,PassiveAggressiveClassifier,ORB,False,False,True,200.0,1.0,True,20.0
0.452,4.11310019493,3.17017912865,BernoulliNB,ORB,True,False,True,200.0,1.0,False,20.0
0.452,3.98295693398,3.12600536346,PassiveAggressiveClassifier,ORB,True,False,True,200.0,0.25,False,10.0
0.452,2.29077196121,2.67872781754,PassiveAggressiveClassifier,ORB,False,False,True,25.0,0.25,False,20.0
0.450666666667,3.11732344627,2.89010977745,PassiveAggressiveClassifier,ORB,False,False,True,100.0,0.5,True,15.0
0.450666666667,4.08033642769,3.78786239624,BernoulliNB,ORB,False,True,True,100.0,0.5,False,15.0
0.450666666667,4.93878974915,4.1167555809,PassiveAggressiveClassifier,ORB,False,True,True,200.0,0.5,True,15.0
0.450666666667,2.70779724121,2.72897696495,BernoulliNB,ORB,True,False,True,50.0,0.5,False,15.0
0.450666666667,3.9211689949,3.17918338776,BernoulliNB,ORB,False,False,True,200.0,0.5,True,10.0
0.450666666667,3.42468261719,3.74692516327,SGDClassifier,ORB,False,True,True,50.0,1.0,False,20.0
0.450666666667,3.62072644234,3.11779313087,SGDClassifier,ORB,True,False,True,200.0,0.25,False,20.0
0.450666666667,4.00472168922,3.14660515785,BernoulliNB,ORB,False,False,True,200.0,0.25,False,20.0
0.450666666667,2.58448739052,2.69581513405,PassiveAggressiveClassifier,ORB,False,False,True,25.0,0.75,False,25.0
0.450666666667,3.35128397942,2.90126681328,PassiveAggressiveClassifier,ORB,False,False,True,100.0,0.5,True,25.0
0.450666666667,2.69062995911,2.6683134079,SGDClassifier,ORB,True,False,True,50.0,0.25,False,25.0
0.450666666667,3.37932939529,3.63383760452,SGDClassifier,ORB,True,True,True,25.0,1.0,False,25.0
0.450666666667,3.02317090034,2.87935395241,SGDClassifier,ORB,False,False,True,100.0,0.5,True,20.0
0.450666666667,4.06222977638,3.9000813961,PassiveAggressiveClassifier,ORB,False,True,True,100.0,1.0,True,15.0
0.449333333333,4.39905200005,3.1672065258,SGDClassifier,ORB,True,False,True,200.0,0.5,False,25.0
0.449333333333,3.66032705307,3.68572177887,SGDClassifier,ORB,True,True,True,50.0,0.5,False,25.0
0.449333333333,3.5167737484,3.65734982491,Perceptron,ORB,True,True,True,50.0,0.25,False,15.0
0.449333333333,3.17776741982,2.9110121727,SGDClassifier,ORB,False,False,True,100.0,0.75,True,20.0
0.449333333333,4.60370407104,4.11250376701,SGDClassifier,ORB,True,True,True,200.0,1.0,True,10.0
0.449333333333,4.27194099426,3.8124727726,Perceptron,ORB,True,True,True,100.0,0.5,False,25.0
0.449333333333,3.16488237381,3.63713417053,SGDClassifier,ORB,False,True,True,25.0,0.75,False,20.0
0.449333333333,2.73185825348,2.7157430172,SGDClassifier,ORB,True,False,True,50.0,0.75,False,20.0
0.449333333333,2.98690977097,2.76137895584,Perceptron,ORB,False,False,True,50.0,1.0,False,25.0
0.448,3.50061721802,2.90313487053,Perceptron,ORB,True,False,True,100.0,1.0,False,25.0
0.448,4.12793478966,3.79676203728,Perceptron,ORB,False,True,True,100.0,1.0,True,15.0
0.448,3.61250767708,3.70659923553,Perceptron,ORB,True,True,True,50.0,1.0,False,15.0
0.448,2.8259847641,2.76444120407,PassiveAggressiveClassifier,ORB,False,False,True,50.0,0.25,False,25.0
0.448,4.01551709175,3.81754665375,BernoulliNB,ORB,False,True,True,100.0,0.75,False,15.0
0.448,2.72759904861,2.74955992699,Perceptron,ORB,False,False,True,50.0,0.75,False,10.0
0.448,3.14782457352,2.87255220413,BernoulliNB,ORB,True,False,True,100.0,0.75,True,20.0
0.448,2.77466535568,2.75389318466,BernoulliNB,ORB,False,False,True,50.0,0.25,False,15.0
0.448,3.7165242672,3.82190241814,Perceptron,ORB,True,True,True,100.0,0.25,False,20.0
0.448,2.55921339989,2.75634531975,PassiveAggressiveClassifier,ORB,False,False,True,50.0,0.25,False,10.0
0.448,4.51893258095,4.12941231728,BernoulliNB,ORB,False,True,True,200.0,0.25,False,20.0
0.448,4.7042693615,4.07647047043,BernoulliNB,ORB,True,True,True,200.0,0.25,False,10.0
0.446666666667,3.49466233253,2.91589546204,BernoulliNB,ORB,True,False,True,100.0,1.0,False,25.0
0.446666666667,4.05689005852,3.16478023529,PassiveAggressiveClassifier,ORB,False,False,True,200.0,1.0,False,20.0
0.446666666667,3.81217517853,3.86839718819,PassiveAggressiveClassifier,ORB,False,True,True,100.0,1.0,True,5.0
0.446666666667,3.13782029152,2.90751318932,Perceptron,ORB,True,False,True,100.0,1.0,False,15.0
0.446666666667,3.54932641983,3.73661570549,PassiveAggressiveClassifier,ORB,False,True,True,50.0,0.75,False,15.0
0.446666666667,3.953363657,3.159983778,BernoulliNB,ORB,False,False,True,200.0,0.5,False,10.0
0.445333333333,3.51821436882,3.59016456604,BernoulliNB,ORB,True,True,True,50.0,0.5,False,25.0
0.445333333333,4.45893483162,3.2234585762,Perceptron,ORB,False,False,True,200.0,0.75,False,10.0
0.445333333333,3.46690325737,2.96004085541,PassiveAggressiveClassifier,ORB,False,False,True,100.0,0.25,False,15.0
0.445333333333,2.51151175499,2.73887777328,Perceptron,ORB,True,False,True,50.0,0.25,False,5.0
0.445333333333,3.96962776184,3.84753322601,Perceptron,ORB,False,True,True,100.0,0.5,True,10.0
0.444,3.50323061943,3.7651239872,PassiveAggressiveClassifier,ORB,False,True,True,50.0,1.0,False,20.0
0.444,3.15524206161,2.9114346981,PassiveAggressiveClassifier,ORB,True,False,True,100.0,1.0,True,10.0
0.444,3.95166563988,3.17333846092,PassiveAggressiveClassifier,ORB,False,False,True,200.0,0.75,False,10.0
0.444,4.79339666367,4.03292160034,SGDClassifier,ORB,True,True,True,200.0,0.25,False,25.0
0.444,3.14549880028,3.61531701088,SGDClassifier,ORB,False,True,True,25.0,0.25,False,20.0
0.444,3.83623323441,3.73654618263,PassiveAggressiveClassifier,ORB,True,True,True,100.0,0.5,True,20.0
0.444,4.65768141747,4.0672850132,SGDClassifier,ORB,True,True,True,200.0,0.25,True,20.0
0.444,2.49782972336,2.65855526924,SGDClassifier,ORB,True,False,True,25.0,0.5,False,25.0
0.444,2.40314359665,2.68693084717,BernoulliNB,ORB,False,False,True,25.0,0.25,False,10.0
0.444,3.22894883156,3.56323714256,Perceptron,ORB,True,True,True,25.0,0.25,False,15.0
0.442666666667,3.52143335342,2.89971117973,SGDClassifier,ORB,False,False,True,100.0,0.75,False,25.0
0.442666666667,3.43630023003,2.87933664322,BernoulliNB,ORB,True,False,True,100.0,1.0,True,25.0
0.442666666667,4.42297286987,4.02929577827,SGDClassifier,ORB,False,True,True,200.0,0.25,False,20.0
0.442666666667,2.36828474998,2.65687942505,SGDClassifier,ORB,False,False,True,25.0,0.5,False,20.0
0.442666666667,3.65640935898,2.86415596008,Perceptron,ORB,False,False,True,100.0,1.0,False,25.0
0.442666666667,4.20696182251,3.85339460373,Perceptron,ORB,False,True,True,100.0,0.25,True,25.0
0.442666666667,3.81973557472,3.83544020653,Perceptron,ORB,False,True,True,100.0,0.75,False,20.0
0.441333333333,3.45881457329,2.88947439194,SGDClassifier,ORB,False,False,True,100.0,0.5,True,25.0
0.441333333333,4.38277044296,3.21152358055,PassiveAggressiveClassifier,ORB,True,False,True,200.0,1.0,False,20.0
0.441333333333,3.93787994385,3.86800675392,Perceptron,ORB,True,True,True,100.0,0.5,True,20.0
0.441333333333,3.96109142303,3.83561863899,Perceptron,ORB,True,True,True,100.0,0.5,True,15.0
0.441333333333,3.52550997734,2.88705582619,PassiveAggressiveClassifier,ORB,True,False,True,100.0,1.0,True,25.0
0.44,3.27879824638,2.88479146957,BernoulliNB,ORB,True,False,True,100.0,0.25,True,25.0
0.44,3.25645399094,3.66224780083,Perceptron,ORB,False,True,True,25.0,1.0,False,5.0
0.44,2.72165279388,2.71662282944,BernoulliNB,ORB,True,False,True,50.0,1.0,False,10.0
0.44,3.90346298218,3.85938920975,BernoulliNB,ORB,True,True,True,100.0,0.75,False,10.0
0.44,2.38437280655,2.66358170509,Perceptron,ORB,True,False,True,25.0,0.25,False,10.0
0.44,3.72847962379,3.78783011436,Perceptron,ORB,True,True,True,100.0,0.5,False,20.0
0.44,3.35963382721,3.6802731514,SGDClassifier,ORB,True,True,True,50.0,0.75,True,20.0
0.44,3.20459060669,3.615513134,BernoulliNB,ORB,True,True,True,25.0,0.25,False,10.0
0.438666666667,3.14797258377,3.5754240036,Perceptron,ORB,True,True,True,25.0,0.5,False,20.0
0.438666666667,3.42566342354,3.53812646866,Perceptron,ORB,True,True,True,25.0,0.5,False,25.0
0.438666666667,3.96540055275,3.78825316429,Perceptron,ORB,True,True,True,100.0,0.75,False,15.0
0.438666666667,4.20705838203,3.16144394875,PassiveAggressiveClassifier,ORB,False,False,True,200.0,0.25,False,25.0
0.438666666667,2.51577916145,2.68041701317,PassiveAggressiveClassifier,ORB,True,False,True,25.0,0.75,False,25.0
0.437333333333,2.36703715324,2.65185036659,PassiveAggressiveClassifier,ORB,True,False,True,25.0,0.25,False,20.0
0.437333333333,3.80130200386,3.83475403786,Perceptron,ORB,True,True,True,100.0,0.5,True,10.0
0.437333333333,3.9701898098,3.78955378532,Perceptron,ORB,False,True,True,100.0,1.0,False,10.0
0.437333333333,3.4380446434,3.71940941811,BernoulliNB,ORB,False,True,True,50.0,0.5,True,20.0
0.437333333333,4.9487891674,4.08510417938,BernoulliNB,ORB,False,True,True,200.0,0.25,True,25.0
0.437333333333,3.78736758232,3.84601736069,Perceptron,ORB,True,True,True,100.0,1.0,True,5.0
0.437333333333,3.00163383484,2.88249883652,BernoulliNB,ORB,True,False,True,100.0,0.5,True,10.0
0.437333333333,4.91950497627,4.07953443527,PassiveAggressiveClassifier,ORB,True,True,True,200.0,1.0,False,15.0
0.436,4.32380080223,4.07566370964,SGDClassifier,ORB,True,True,True,200.0,0.25,False,20.0
0.436,3.08913879395,2.88198246956,PassiveAggressiveClassifier,ORB,True,False,True,100.0,0.75,False,20.0
0.436,2.62551760674,2.77593359947,Perceptron,ORB,False,False,True,50.0,0.75,True,20.0
0.436,3.39322361946,2.89674425125,BernoulliNB,ORB,False,False,True,100.0,0.25,False,25.0
0.436,3.44884996414,3.68818979263,Perceptron,ORB,True,True,True,50.0,0.5,True,15.0
0.436,4.83454093933,4.10207133293,BernoulliNB,ORB,True,True,True,200.0,0.75,True,10.0
0.436,5.13319678307,3.99701161385,SGDClassifier,ORB,True,True,True,200.0,0.5,True,25.0
0.436,4.600238657,4.06816444397,SGDClassifier,ORB,True,True,True,200.0,1.0,False,20.0
0.436,3.96251964569,3.14920501709,PassiveAggressiveClassifier,ORB,False,False,True,200.0,0.25,False,10.0
0.436,4.95060167313,4.15838341713,Perceptron,ORB,False,True,True,200.0,1.0,False,15.0
0.436,3.26008753777,2.86326770782,SGDClassifier,ORB,True,False,True,100.0,1.0,True,15.0
0.436,3.74458184242,3.86789937019,BernoulliNB,ORB,False,True,True,100.0,0.25,False,20.0
0.436,4.30633664131,3.81115379333,SGDClassifier,ORB,True,True,True,100.0,1.0,True,25.0
0.436,2.64065184593,2.76717371941,PassiveAggressiveClassifier,ORB,False,False,True,50.0,0.75,False,20.0
0.436,4.20447778702,3.79567584991,SGDClassifier,ORB,True,True,True,100.0,0.5,True,25.0
0.436,2.56530442238,2.67570996284,PassiveAggressiveClassifier,ORB,False,False,True,25.0,0.5,False,5.0
0.436,3.3003698349,3.57029480934,PassiveAggressiveClassifier,ORB,False,True,True,25.0,0.75,False,10.0
0.436,3.93500266075,3.88349957466,PassiveAggressiveClassifier,ORB,False,True,True,100.0,0.25,False,15.0
0.436,3.00223665237,2.84425501823,BernoulliNB,ORB,False,False,True,50.0,0.25,False,20.0
0.436,2.70269436836,2.70288209915,BernoulliNB,ORB,True,False,True,50.0,0.75,False,15.0
0.434666666667,4.4498749733,3.26898379326,SGDClassifier,ORB,False,False,True,200.0,1.0,True,15.0
0.434666666667,3.30662961006,2.87891821861,PassiveAggressiveClassifier,ORB,False,False,True,100.0,0.75,True,15.0
0.434666666667,3.56389284134,3.71243095398,BernoulliNB,ORB,False,True,True,50.0,1.0,False,15.0
0.434666666667,3.89561538696,3.77770938873,BernoulliNB,ORB,True,True,True,100.0,0.25,True,10.0
0.434666666667,3.92038321495,3.13040175438,Perceptron,ORB,True,False,True,200.0,0.25,False,15.0
0.434666666667,2.50721058846,2.72819738388,SGDClassifier,ORB,True,False,True,50.0,0.25,False,20.0
0.434666666667,2.63180732727,2.72539124489,Perceptron,ORB,False,False,True,50.0,0.25,False,25.0
0.434666666667,4.19450263977,3.18151459694,Perceptron,ORB,False,False,True,200.0,1.0,True,15.0
0.434666666667,4.69190101624,4.1437526226,BernoulliNB,ORB,False,True,True,200.0,1.0,True,20.0
0.433333333333,4.97536702156,4.05057983398,PassiveAggressiveClassifier,ORB,True,True,True,200.0,1.0,True,20.0
0.433333333333,2.55239701271,2.7472263813,Perceptron,ORB,False,False,True,50.0,0.5,False,20.0
0.433333333333,3.51954469681,2.90748682022,Perceptron,ORB,False,False,True,100.0,0.75,True,25.0
0.433333333333,2.7328766346,2.72967758179,Perceptron,ORB,True,False,True,50.0,1.0,True,15.0
0.433333333333,4.10991096497,3.20147204399,Perceptron,ORB,True,False,True,200.0,0.75,True,10.0
0.433333333333,3.22251901627,2.90623207092,SGDClassifier,ORB,False,False,True,100.0,0.75,False,15.0
0.433333333333,2.69163703918,2.78719983101,SGDClassifier,ORB,False,False,True,50.0,1.0,False,10.0
0.433333333333,4.06093020439,3.82274122238,PassiveAggressiveClassifier,ORB,False,True,True,100.0,0.5,True,15.0
0.433333333333,4.89485640526,4.0570335865,PassiveAggressiveClassifier,ORB,True,True,True,200.0,0.5,False,15.0
0.433333333333,3.16015996933,2.89087071419,SGDClassifier,ORB,False,False,True,100.0,0.25,True,15.0
0.433333333333,2.87930340767,2.76838526726,Perceptron,ORB,False,False,True,50.0,0.5,True,25.0
0.433333333333,3.25754323006,3.65000505447,SGDClassifier,ORB,False,True,True,25.0,0.75,False,10.0
0.433333333333,3.25666899681,2.86930909157,Perceptron,ORB,False,False,True,100.0,0.5,True,10.0
0.433333333333,4.19534373283,3.16593084335,Perceptron,ORB,False,False,True,200.0,0.25,False,15.0
0.433333333333,3.94877872467,3.1575548172,SGDClassifier,ORB,True,False,True,200.0,1.0,False,10.0
0.432,3.24869418144,3.63753376007,SGDClassifier,ORB,False,True,True,25.0,0.25,False,10.0
0.432,4.63821544647,4.04440941811,Perceptron,ORB,False,True,True,200.0,0.5,False,5.0
0.432,3.60359096527,3.74143538475,Perceptron,ORB,False,True,True,50.0,1.0,True,15.0
0.432,2.61747460365,2.71315217018,Perceptron,ORB,False,False,True,25.0,1.0,False,25.0
0.432,4.56044301987,4.04105558395,PassiveAggressiveClassifier,ORB,True,True,True,200.0,0.25,True,10.0
0.432,3.02216143608,2.8448225975,SGDClassifier,ORB,True,False,True,100.0,0.25,False,15.0
0.430666666667,2.83125214577,2.75500898361,Perceptron,ORB,True,False,True,50.0,0.5,True,25.0
0.430666666667,2.51427912712,2.63632659912,SGDClassifier,ORB,True,False,True,25.0,0.25,False,25.0
0.430666666667,3.92130932808,3.84351816177,PassiveAggressiveClassifier,ORB,False,True,True,100.0,0.25,True,15.0
0.430666666667,4.57597904205,4.07826576233,BernoulliNB,ORB,False,True,True,200.0,0.25,True,10.0
0.430666666667,3.65000481606,3.71014375687,BernoulliNB,ORB,False,True,True,50.0,0.25,False,25.0
0.429333333333,2.64575037956,2.72209062576,Perceptron,ORB,True,False,True,50.0,0.25,False,25.0
0.429333333333,3.45987863541,3.66671161652,PassiveAggressiveClassifier,ORB,True,True,True,50.0,0.75,False,5.0
0.429333333333,2.46389284134,2.62590780258,BernoulliNB,ORB,False,False,True,25.0,0.25,False,15.0
0.429333333333,3.48254995346,3.69714422226,SGDClassifier,ORB,True,True,True,50.0,0.5,True,15.0
0.429333333333,4.7066072464,4.12255840302,Perceptron,ORB,True,True,True,200.0,1.0,False,5.0
0.429333333333,4.69072799683,3.17692298889,Perceptron,ORB,False,False,True,200.0,1.0,False,25.0
0.429333333333,3.61717386246,3.71430640221,Perceptron,ORB,False,True,True,50.0,1.0,False,15.0
0.429333333333,4.17394857407,3.16799001694,Perceptron,ORB,True,False,True,200.0,1.0,False,20.0
0.429333333333,3.8760345459,3.77597298622,BernoulliNB,ORB,True,True,True,100.0,0.25,True,15.0
0.429333333333,4.15166268349,3.82455735207,PassiveAggressiveClassifier,ORB,False,True,True,100.0,0.25,True,25.0
0.429333333333,3.32190418243,3.67233963013,BernoulliNB,ORB,False,True,True,25.0,0.75,False,15.0
0.429333333333,3.51732478142,3.63075737953,SGDClassifier,ORB,False,True,True,25.0,0.5,False,25.0
0.429333333333,4.51428422928,4.08871507645,SGDClassifier,ORB,True,True,True,200.0,0.25,False,5.0
0.429333333333,3.05337362289,2.85324101448,PassiveAggressiveClassifier,ORB,True,False,True,100.0,0.25,True,15.0
0.429333333333,3.89325900078,3.15918855667,PassiveAggressiveClassifier,ORB,False,False,True,200.0,1.0,True,10.0
0.429333333333,2.66799640656,2.72776732445,SGDClassifier,ORB,True,False,True,50.0,0.5,False,15.0
0.429333333333,2.54131093025,2.67020363808,BernoulliNB,ORB,True,False,True,25.0,0.75,False,20.0
0.428,3.55142812729,3.63875498772,PassiveAggressiveClassifier,ORB,False,True,True,25.0,1.0,False,25.0
0.428,3.2381257534,2.91090621948,Perceptron,ORB,False,False,True,100.0,1.0,False,15.0
0.428,3.05741696358,2.89532957077,PassiveAggressiveClassifier,ORB,True,False,True,100.0,0.5,True,10.0
0.428,3.80819416046,3.84388599396,BernoulliNB,ORB,True,True,True,100.0,0.5,True,10.0
0.428,2.99326066971,2.88850698471,SGDClassifier,ORB,True,False,True,100.0,1.0,False,5.0
0.428,3.78980398178,3.1707777977,Perceptron,ORB,True,False,True,200.0,0.5,False,5.0
0.428,4.23017721176,3.17693295479,Perceptron,ORB,False,False,True,200.0,1.0,True,20.0
0.428,2.64667816162,2.75632023811,BernoulliNB,ORB,True,False,True,50.0,1.0,True,20.0
0.428,2.69338312149,2.74837403297,PassiveAggressiveClassifier,ORB,False,False,True,50.0,0.5,False,15.0
0.428,3.21618480682,2.88450369835,BernoulliNB,ORB,False,False,True,100.0,0.75,True,15.0
0.428,4.97726817131,4.10446581841,Perceptron,ORB,True,True,True,200.0,0.75,True,15.0
0.428,3.43625378609,3.60151457787,BernoulliNB,ORB,True,True,True,50.0,0.25,False,10.0
0.428,4.10947880745,3.16702084541,Perceptron,ORB,True,False,True,200.0,0.75,False,15.0
0.428,2.3292298317,2.67798838615,PassiveAggressiveClassifier,ORB,False,False,True,25.0,0.5,False,20.0
0.426666666667,2.64807395935,2.7259147644,PassiveAggressiveClassifier,ORB,False,False,True,50.0,0.25,False,20.0
0.426666666667,3.52109022141,2.89361300468,SGDClassifier,ORB,False,False,True,100.0,0.75,True,25.0
0.426666666667,2.54537959099,2.69430441856,SGDClassifier,ORB,False,False,True,25.0,0.5,False,25.0
0.426666666667,2.41793141365,2.66929798126,SGDClassifier,ORB,False,False,True,25.0,0.25,False,15.0
0.426666666667,3.39083299637,3.68397912979,BernoulliNB,ORB,True,True,True,50.0,0.25,False,5.0
0.426666666667,3.96551203728,3.74907679558,Perceptron,ORB,True,True,True,100.0,1.0,True,15.0
0.426666666667,3.80160937309,3.77916941643,PassiveAggressiveClassifier,ORB,True,True,True,100.0,0.5,False,10.0
0.426666666667,3.93396577835,3.81189479828,BernoulliNB,ORB,False,True,True,100.0,0.25,True,20.0
0.426666666667,2.95328960419,2.89206695557,Perceptron,ORB,False,False,True,100.0,0.5,False,5.0
0.426666666667,2.87592420578,2.7533288002,BernoulliNB,ORB,True,False,True,50.0,0.75,True,25.0
0.426666666667,4.11582837105,3.86843261719,PassiveAggressiveClassifier,ORB,False,True,True,100.0,0.75,False,15.0
0.426666666667,3.12791733742,2.87621159554,SGDClassifier,ORB,False,False,True,100.0,0.5,False,10.0
0.425333333333,3.66782836914,3.72348723412,BernoulliNB,ORB,False,True,True,50.0,0.25,True,25.0
0.425333333333,2.9286087513,2.7316672802,SGDClassifier,ORB,True,False,True,50.0,0.5,False,25.0
0.425333333333,2.58136062622,2.69114584923,PassiveAggressiveClassifier,ORB,False,False,True,25.0,0.25,False,25.0
0.425333333333,3.66690635681,3.16155500412,PassiveAggressiveClassifier,ORB,True,False,True,200.0,0.75,True,5.0
0.425333333333,2.39393558502,2.66398100853,SGDClassifier,ORB,False,False,True,25.0,0.75,False,10.0
0.425333333333,3.39585776329,3.68306117058,PassiveAggressiveClassifier,ORB,True,True,True,50.0,0.25,True,20.0
0.425333333333,3.53560366631,3.63709621429,BernoulliNB,ORB,False,True,True,25.0,0.25,False,25.0
0.425333333333,2.71010117531,2.77110915184,SGDClassifier,ORB,False,False,True,50.0,1.0,False,20.0
0.425333333333,4.93347086906,4.09595222473,Perceptron,ORB,True,True,True,200.0,0.75,True,20.0
0.425333333333,4.5267780304,4.1578224659,Perceptron,ORB,False,True,True,200.0,1.0,False,5.0
0.425333333333,3.12066397667,2.91082777977,PassiveAggressiveClassifier,ORB,False,False,True,100.0,0.75,True,10.0
0.425333333333,4.21133842468,3.17109971046,BernoulliNB,ORB,True,False,True,200.0,0.25,False,15.0
0.425333333333,3.15782418251,2.84227128029,Perceptron,ORB,True,False,True,100.0,0.75,True,20.0
0.425333333333,2.48158979416,2.6950109005,BernoulliNB,ORB,False,False,True,25.0,1.0,False,15.0
0.424,3.76521859169,3.14746799469,PassiveAggressiveClassifier,ORB,False,False,True,200.0,0.75,False,5.0
0.424,4.27874560356,3.19498934746,SGDClassifier,ORB,True,False,True,200.0,0.75,True,10.0
0.424,3.29227280617,3.62736430168,PassiveAggressiveClassifier,ORB,False,True,True,25.0,0.25,False,15.0
0.424,2.44480776787,2.67122983932,PassiveAggressiveClassifier,ORB,True,False,True,25.0,1.0,False,15.0
0.424,3.76162557602,3.81864962578,PassiveAggressiveClassifier,ORB,True,True,True,100.0,1.0,True,15.0
0.424,3.25673165321,3.65954799652,Perceptron,ORB,False,True,True,25.0,0.25,False,10.0
0.424,4.06041202545,3.14714245796,PassiveAggressiveClassifier,ORB,True,False,True,200.0,1.0,False,10.0
0.424,3.08177323341,2.88680539131,BernoulliNB,ORB,True,False,True,100.0,0.5,True,15.0
0.424,3.85988183022,3.81064128876,Perceptron,ORB,True,True,True,100.0,1.0,True,10.0
0.424,4.3365468502,3.16146678925,SGDClassifier,ORB,False,False,True,200.0,0.25,True,25.0
0.424,2.9875234127,2.85601334572,Perceptron,ORB,True,False,True,100.0,0.25,True,10.0
0.424,3.24259381294,3.59659619331,Perceptron,ORB,True,True,True,25.0,1.0,False,15.0
0.424,4.12335677147,3.72232003212,BernoulliNB,ORB,True,True,True,50.0,0.75,False,15.0
0.424,4.28863511086,3.84141402245,BernoulliNB,ORB,True,True,True,100.0,0.75,True,25.0
0.424,4.10662064552,3.84609365463,BernoulliNB,ORB,False,True,True,100.0,0.75,True,15.0
0.424,3.75324378014,3.70477919579,PassiveAggressiveClassifier,ORB,True,True,True,50.0,0.75,True,25.0
0.422666666667,4.8623260498,4.07107963562,BernoulliNB,ORB,False,True,True,200.0,0.5,False,15.0
0.422666666667,3.47744622231,3.63502602577,Perceptron,ORB,False,True,True,25.0,1.0,False,10.0
0.422666666667,4.133325243,3.15865535736,BernoulliNB,ORB,False,False,True,200.0,1.0,True,15.0
0.422666666667,2.73943314552,2.75575275421,SGDClassifier,ORB,False,False,True,50.0,0.25,False,15.0
0.422666666667,3.94707756042,3.14037518501,BernoulliNB,ORB,False,False,True,200.0,0.5,True,20.0
0.422666666667,3.8448554039,3.8619202137,SGDClassifier,ORB,False,True,True,100.0,1.0,True,5.0
0.422666666667,4.04432477951,3.84411587715,Perceptron,ORB,False,True,True,100.0,0.75,True,15.0
0.422666666667,2.36809458733,2.67139763832,SGDClassifier,ORB,True,False,True,25.0,0.5,False,10.0
0.422666666667,3.88453779221,3.13263158798,SGDClassifier,ORB,True,False,True,200.0,0.25,True,10.0
0.422666666667,3.01214904785,2.76626257896,BernoulliNB,ORB,False,False,True,50.0,1.0,True,25.0
0.422666666667,3.86133265495,3.152698946,Perceptron,ORB,True,False,True,200.0,0.5,False,10.0
0.422666666667,3.11867642403,3.61006703377,SGDClassifier,ORB,True,True,True,25.0,0.25,False,20.0
0.422666666667,3.24908895493,3.65748715401,BernoulliNB,ORB,False,True,True,25.0,0.5,False,10.0
0.421333333333,2.34337863922,2.62516622543,Perceptron,ORB,False,False,True,25.0,0.25,False,20.0
0.421333333333,2.56191811562,2.66515712738,BernoulliNB,ORB,True,False,True,25.0,0.5,False,25.0
0.421333333333,3.94946193695,3.18544311523,PassiveAggressiveClassifier,ORB,False,False,True,200.0,0.75,True,10.0
0.421333333333,3.48259544373,3.68077139854,PassiveAggressiveClassifier,ORB,False,True,True,25.0,0.75,False,25.0
0.421333333333,3.67717938423,3.16673674583,SGDClassifier,ORB,True,False,True,200.0,1.0,True,5.0
0.421333333333,3.1984000206,3.64176740646,Perceptron,ORB,True,True,True,25.0,1.0,False,5.0
0.421333333333,3.85034251213,3.73246154785,SGDClassifier,ORB,True,True,True,100.0,0.5,True,10.0
0.421333333333,2.34572505951,2.67428684235,BernoulliNB,ORB,True,False,True,25.0,0.75,False,5.0
0.421333333333,2.52173643112,2.73943285942,SGDClassifier,ORB,True,False,True,50.0,0.25,False,10.0
0.421333333333,3.18950357437,2.85220918655,Perceptron,ORB,True,False,True,100.0,0.75,False,20.0
0.421333333333,4.22956376076,3.8358520031,SGDClassifier,ORB,True,True,True,100.0,0.75,True,25.0
0.421333333333,3.84969358444,3.14490566254,SGDClassifier,ORB,True,False,True,200.0,0.75,False,10.0
0.421333333333,2.51484780312,2.74476799965,Perceptron,ORB,True,False,True,50.0,0.25,True,20.0
0.42,4.78417959213,4.16638102531,PassiveAggressiveClassifier,ORB,False,True,True,200.0,0.75,False,15.0
0.42,4.06570901871,3.75159916878,PassiveAggressiveClassifier,ORB,True,True,True,100.0,1.0,False,15.0
0.42,3.74333667755,3.20090904236,Perceptron,ORB,True,False,True,200.0,0.5,True,5.0
0.42,3.88170318604,3.84898962975,PassiveAggressiveClassifier,ORB,True,True,True,100.0,0.75,True,10.0
0.42,2.53748803139,2.7370443821,PassiveAggressiveClassifier,ORB,True,False,True,50.0,0.25,False,5.0
0.42,3.4858109951,3.73164682388,PassiveAggressiveClassifier,ORB,False,True,True,50.0,0.75,False,5.0
0.42,2.60047359467,2.73753323555,BernoulliNB,ORB,True,False,True,50.0,0.75,False,10.0
0.42,3.10416750908,2.89507393837,PassiveAggressiveClassifier,ORB,False,False,True,100.0,1.0,True,10.0
0.418666666667,3.37091174126,3.60945105553,SGDClassifier,ORB,True,True,True,25.0,0.5,False,25.0
0.418666666667,2.6248693943,2.74841666222,BernoulliNB,ORB,True,False,True,50.0,0.25,False,15.0
0.418666666667,3.82453136444,3.18199539185,Perceptron,ORB,False,False,True,200.0,0.5,False,10.0
0.418666666667,3.44020214081,3.68577475548,BernoulliNB,ORB,True,True,True,50.0,0.75,True,5.0
0.418666666667,3.84400396347,3.89835839272,Perceptron,ORB,False,True,True,100.0,1.0,False,5.0
0.418666666667,3.72748484612,3.17629957199,Perceptron,ORB,False,False,True,200.0,0.75,True,5.0
0.418666666667,3.56494479179,3.73134665489,SGDClassifier,ORB,False,True,True,50.0,0.25,True,15.0
0.418666666667,4.17739562988,3.9142973423,SGDClassifier,ORB,False,True,True,100.0,0.5,True,15.0
0.418666666667,3.95680923462,3.82151784897,BernoulliNB,ORB,True,True,True,100.0,0.5,True,20.0
0.418666666667,3.83271355629,3.83947663307,Perceptron,ORB,False,True,True,100.0,0.75,True,5.0
0.418666666667,2.40058298111,2.6605755806,BernoulliNB,ORB,True,False,True,25.0,0.25,False,15.0
0.417333333333,2.78921222687,2.83636236191,SGDClassifier,ORB,False,False,True,50.0,1.0,False,15.0
0.417333333333,4.5461335659,4.04521918297,SGDClassifier,ORB,True,True,True,200.0,0.25,True,10.0
0.417333333333,3.36507325172,3.67675304413,SGDClassifier,ORB,True,True,True,50.0,0.5,False,5.0
0.417333333333,2.9144299984,2.73888015747,PassiveAggressiveClassifier,ORB,True,False,True,50.0,1.0,True,25.0
0.417333333333,4.49236316681,3.2175637722,SGDClassifier,ORB,True,False,True,200.0,0.5,True,15.0
0.417333333333,3.98309760094,3.65533924103,BernoulliNB,ORB,False,True,True,50.0,1.0,True,25.0
0.417333333333,2.68468103409,2.70973720551,PassiveAggressiveClassifier,ORB,True,False,True,50.0,0.25,True,15.0
0.417333333333,2.47834100723,2.62872171402,SGDClassifier,ORB,False,False,True,25.0,0.25,False,25.0
0.416,3.94909200668,3.13106856346,Perceptron,ORB,True,False,True,200.0,0.5,False,20.0
0.416,3.77630381584,3.83625936508,Perceptron,ORB,True,True,True,100.0,0.5,False,5.0
0.416,2.86967225075,2.72436499596,PassiveAggressiveClassifier,ORB,True,False,True,25.0,0.75,False,5.0
0.416,4.16332502365,3.08868713379,PassiveAggressiveClassifier,ORB,True,False,True,200.0,0.25,False,15.0
0.416,2.39285917282,2.68298211098,PassiveAggressiveClassifier,ORB,True,False,True,25.0,0.75,False,10.0
0.416,3.57545866966,3.6985285759,BernoulliNB,ORB,True,True,True,50.0,0.75,True,15.0
0.416,4.15817985535,3.86315040588,SGDClassifier,ORB,False,True,True,100.0,0.25,False,15.0
0.416,3.79493618011,3.89706001282,PassiveAggressiveClassifier,ORB,False,True,True,100.0,1.0,False,5.0
0.416,2.59837837219,2.73127756119,PassiveAggressiveClassifier,ORB,True,False,True,50.0,1.0,True,20.0
0.416,2.40503897667,2.64680519104,SGDClassifier,ORB,True,False,True,25.0,0.25,False,10.0
0.416,2.72811517715,2.74504899979,PassiveAggressiveClassifier,ORB,True,False,True,50.0,1.0,True,15.0
0.416,3.29784908295,3.65000367165,Perceptron,ORB,True,True,True,50.0,0.25,True,20.0
0.416,2.91502256393,2.76457266808,Perceptron,ORB,True,False,True,50.0,1.0,True,25.0
0.414666666667,3.95362677574,3.88009586334,PassiveAggressiveClassifier,ORB,False,True,True,100.0,0.75,True,20.0
0.414666666667,3.21161017418,2.90921535492,BernoulliNB,ORB,True,False,True,100.0,1.0,False,15.0
0.414666666667,3.88119440079,3.73434886932,PassiveAggressiveClassifier,ORB,True,True,True,100.0,0.25,False,10.0
0.414666666667,2.43394398689,2.63834118843,BernoulliNB,ORB,False,False,True,25.0,0.25,True,15.0
0.414666666667,3.03892998695,2.89823880196,SGDClassifier,ORB,True,False,True,100.0,0.5,True,10.0
0.414666666667,2.38725199699,2.65377025604,SGDClassifier,ORB,True,False,True,25.0,1.0,False,10.0
0.414666666667,3.62686853409,3.67572546005,PassiveAggressiveClassifier,ORB,True,True,True,50.0,0.75,False,25.0
0.414666666667,3.35758919716,3.72364344597,PassiveAggressiveClassifier,ORB,True,True,True,50.0,1.0,True,20.0
0.414666666667,4.27092485428,3.81483769417,Perceptron,ORB,True,True,True,100.0,0.25,False,25.0
0.414666666667,3.41974668503,3.70775961876,Perceptron,ORB,True,True,True,50.0,1.0,False,20.0
0.414666666667,3.68032541275,3.15785255432,Perceptron,ORB,False,False,True,200.0,0.25,True,20.0
0.413333333333,3.3057718277,3.68060498238,Perceptron,ORB,True,True,True,50.0,0.5,True,20.0
0.413333333333,3.14737839699,2.92165369987,Perceptron,ORB,False,False,True,100.0,0.5,True,20.0
0.413333333333,4.15789041519,3.17358064651,BernoulliNB,ORB,True,False,True,200.0,1.0,False,15.0
0.413333333333,4.07923922539,3.82897801399,Perceptron,ORB,True,True,True,100.0,0.75,True,15.0
0.413333333333,3.85034542084,3.86516523361,SGDClassifier,ORB,False,True,True,100.0,0.5,False,5.0
0.413333333333,2.70545320511,2.74701676369,SGDClassifier,ORB,True,False,True,50.0,0.75,True,15.0
0.413333333333,4.08370079994,3.20961456299,PassiveAggressiveClassifier,ORB,True,False,True,200.0,0.5,True,10.0
0.413333333333,4.52406244278,4.08022222519,Perceptron,ORB,True,True,True,200.0,0.25,True,5.0
0.413333333333,2.93017883301,2.75391373634,PassiveAggressiveClassifier,ORB,True,False,True,50.0,0.5,False,25.0
0.413333333333,2.88558115959,2.81875343323,Perceptron,ORB,True,False,True,50.0,0.5,False,5.0
0.413333333333,2.4340970993,2.64147334099,Perceptron,ORB,False,False,True,25.0,1.0,False,10.0
0.412,3.94153113365,3.87003211975,SGDClassifier,ORB,False,True,True,100.0,1.0,True,20.0
0.412,3.99972724915,3.17801537514,PassiveAggressiveClassifier,ORB,True,False,True,200.0,0.25,True,10.0
0.412,3.65311989784,3.67434139252,PassiveAggressiveClassifier,ORB,True,True,True,50.0,1.0,True,25.0
0.412,4.59641957283,4.12598056793,BernoulliNB,ORB,True,True,True,200.0,1.0,False,10.0
0.412,4.0074696064,3.21544966698,SGDClassifier,ORB,True,False,True,200.0,1.0,False,5.0
0.412,4.7105802536,4.07607440948,SGDClassifier,ORB,True,True,True,200.0,0.75,True,10.0
0.412,2.42739295959,2.74755735397,Perceptron,ORB,False,False,True,50.0,0.25,False,20.0
0.412,2.36904263496,2.67682595253,Perceptron,ORB,True,False,True,25.0,0.5,False,10.0
0.412,3.2683775425,3.58739156723,SGDClassifier,ORB,True,True,True,25.0,0.25,False,15.0
0.412,3.40813384056,3.62143735886,SGDClassifier,ORB,True,True,True,25.0,0.75,False,25.0
0.412,2.81026320457,2.81394238472,SGDClassifier,ORB,False,False,True,50.0,1.0,True,10.0
0.412,3.74944062233,3.69943571091,Perceptron,ORB,False,True,True,50.0,0.75,True,25.0
0.412,4.76811919212,4.08014097214,Perceptron,ORB,True,True,True,200.0,0.25,True,15.0
0.412,3.06435456276,2.90055861473,BernoulliNB,ORB,False,False,True,100.0,0.25,True,20.0
0.412,2.66322312355,2.73411679268,PassiveAggressiveClassifier,ORB,True,False,True,50.0,0.75,False,10.0
0.410666666667,3.33488898277,3.56979837418,Perceptron,ORB,False,True,True,25.0,0.75,False,15.0
0.410666666667,2.885896492,2.75950059891,SGDClassifier,ORB,True,False,True,50.0,0.75,False,25.0
0.410666666667,3.86484851837,3.13734631538,BernoulliNB,ORB,False,False,True,200.0,0.25,True,10.0
0.410666666667,2.70780940056,2.73176755905,Perceptron,ORB,True,False,True,50.0,0.75,True,15.0
0.410666666667,3.09605016708,2.84183301926,PassiveAggressiveClassifier,ORB,False,False,True,100.0,0.25,False,20.0
0.410666666667,4.07688231468,3.17894635201,SGDClassifier,ORB,False,False,True,200.0,0.5,True,15.0
0.410666666667,2.36996011734,2.68627939224,BernoulliNB,ORB,True,False,True,25.0,0.5,True,20.0
0.410666666667,2.62159838676,2.76763854027,Perceptron,ORB,True,False,True,50.0,1.0,True,10.0
0.409333333333,3.37615365982,3.69646635056,BernoulliNB,ORB,True,True,True,50.0,0.5,True,20.0
0.409333333333,3.79115357399,3.16419796944,Perceptron,ORB,True,False,True,200.0,0.75,False,5.0
0.409333333333,3.16770982742,3.60841698647,BernoulliNB,ORB,False,True,True,25.0,0.5,False,20.0
0.409333333333,3.24956202507,2.88224778175,PassiveAggressiveClassifier,ORB,True,False,True,100.0,0.5,True,15.0
0.409333333333,3.95069065094,3.80352582932,BernoulliNB,ORB,True,True,True,100.0,1.0,False,15.0
0.409333333333,2.97864723206,2.87170100212,PassiveAggressiveClassifier,ORB,True,False,True,100.0,0.25,False,10.0
0.409333333333,3.94436454773,3.88652377129,Perceptron,ORB,False,True,True,100.0,0.75,False,10.0
0.409333333333,4.84979662895,4.03189520836,BernoulliNB,ORB,False,True,True,200.0,1.0,False,10.0
0.408,3.93660497665,3.84206399918,BernoulliNB,ORB,False,True,True,100.0,0.5,True,20.0
0.408,3.01832399368,2.89570837021,BernoulliNB,ORB,False,False,True,100.0,0.75,True,5.0
0.408,3.10161700249,2.90989580154,Perceptron,ORB,False,False,True,100.0,1.0,True,10.0
0.408,2.75190758705,2.76132469177,Perceptron,ORB,False,False,True,50.0,1.0,False,15.0
0.408,2.63649296761,2.7324511528,PassiveAggressiveClassifier,ORB,True,False,True,50.0,0.25,False,15.0
0.408,3.21083621979,3.50160303116,Perceptron,ORB,True,True,True,25.0,0.25,False,10.0
0.408,2.62625150681,2.76017408371,PassiveAggressiveClassifier,ORB,False,False,True,50.0,0.5,False,20.0
0.406666666667,2.80907988548,2.74686946869,BernoulliNB,ORB,False,False,True,50.0,0.25,True,10.0
0.406666666667,3.42895641327,3.65192418098,BernoulliNB,ORB,False,True,True,25.0,0.5,False,25.0
0.406666666667,5.15502495766,4.07777018547,SGDClassifier,ORB,False,True,True,200.0,0.25,False,25.0
0.406666666667,3.50822620392,3.67017021179,Perceptron,ORB,False,True,True,25.0,0.75,False,25.0
0.406666666667,2.50708179474,2.74034757614,SGDClassifier,ORB,True,False,True,50.0,0.25,False,5.0
0.406666666667,2.55806283951,2.73501281738,BernoulliNB,ORB,True,False,True,50.0,0.25,False,5.0
0.406666666667,3.41744914055,3.73208136559,Perceptron,ORB,False,True,True,50.0,0.75,True,20.0
0.406666666667,4.91088900566,4.00758094788,Perceptron,ORB,True,True,True,200.0,0.5,False,15.0
0.405333333333,3.27857661247,3.61698889732,SGDClassifier,ORB,True,True,True,25.0,0.75,False,15.0
0.405333333333,2.59363460541,2.72479696274,Perceptron,ORB,True,False,True,25.0,1.0,False,25.0
0.405333333333,3.31226096153,3.62765674591,Perceptron,ORB,True,True,True,50.0,1.0,True,20.0
0.405333333333,3.73157868385,3.17603402138,BernoulliNB,ORB,False,False,True,200.0,0.5,False,5.0
0.405333333333,2.83410339355,2.75208735466,SGDClassifier,ORB,True,False,True,50.0,0.5,True,25.0
0.405333333333,3.0225646019,2.76936583519,PassiveAggressiveClassifier,ORB,False,False,True,50.0,1.0,True,25.0
0.405333333333,3.77770781517,3.67651133537,Perceptron,ORB,True,True,True,50.0,0.5,False,15.0
0.404,3.21242179871,2.88967223167,Perceptron,ORB,False,False,True,100.0,0.5,True,15.0
0.404,3.18393120766,2.88603982925,Perceptron,ORB,True,False,True,100.0,0.75,False,15.0
0.404,3.56786074638,3.11827278137,PassiveAggressiveClassifier,ORB,False,False,True,100.0,0.5,False,10.0
0.404,4.02690458298,3.14673852921,BernoulliNB,ORB,True,False,True,200.0,0.5,False,10.0
0.404,3.84850955009,3.71726617813,SGDClassifier,ORB,False,True,True,50.0,1.0,True,25.0
0.404,3.36992135048,2.89812793732,Perceptron,ORB,False,False,True,100.0,0.25,False,25.0
0.404,2.55843110085,2.75466423035,SGDClassifier,ORB,False,False,True,50.0,0.25,False,10.0
0.404,2.70818142891,2.76133050919,BernoulliNB,ORB,True,False,True,50.0,0.5,True,15.0
0.404,3.86371359825,3.82051682472,Perceptron,ORB,False,True,True,100.0,0.5,False,10.0
0.404,2.81701779366,2.77459197044,SGDClassifier,ORB,False,False,True,50.0,0.75,True,20.0
0.402666666667,3.7929851532,3.78658533096,BernoulliNB,ORB,True,True,True,100.0,0.5,False,10.0
0.402666666667,2.68623137474,2.75721802711,PassiveAggressiveClassifier,ORB,False,False,True,50.0,1.0,True,20.0
0.402666666667,3.08434200287,2.90415596962,Perceptron,ORB,False,False,True,100.0,0.25,False,5.0
0.402666666667,3.76708965302,3.16389160156,PassiveAggressiveClassifier,ORB,False,False,True,200.0,0.25,False,5.0
0.402666666667,4.82750964165,4.10443682671,BernoulliNB,ORB,False,True,True,200.0,0.75,False,10.0
0.402666666667,3.60877485275,3.61190900803,SGDClassifier,ORB,False,True,True,50.0,0.25,False,5.0
0.402666666667,3.30605363846,3.63693656921,PassiveAggressiveClassifier,ORB,False,True,True,25.0,0.5,False,15.0
0.402666666667,3.90284061432,3.82650103569,SGDClassifier,ORB,False,True,True,100.0,1.0,False,10.0
0.402666666667,3.88542585373,3.8377617836,SGDClassifier,ORB,False,True,True,100.0,0.75,True,10.0
0.402666666667,2.37518863678,2.65159387589,SGDClassifier,ORB,True,False,True,25.0,0.75,False,5.0
0.402666666667,3.28516087532,3.62328357697,Perceptron,ORB,False,True,True,25.0,0.5,False,10.0
0.402666666667,3.18810968399,3.61236057281,PassiveAggressiveClassifier,ORB,True,True,True,25.0,0.75,False,10.0
0.402666666667,2.71745796204,2.68715004921,BernoulliNB,ORB,False,False,True,25.0,0.5,True,25.0
0.402666666667,3.41505670547,3.73764691353,SGDClassifier,ORB,False,True,True,50.0,0.5,True,20.0
0.402666666667,3.15353674889,2.86909132004,Perceptron,ORB,True,False,True,100.0,0.5,True,10.0
0.401333333333,3.27011909485,3.66592283249,SGDClassifier,ORB,False,True,True,25.0,1.0,False,5.0
0.401333333333,2.61212801933,2.67692255974,PassiveAggressiveClassifier,ORB,False,False,True,25.0,1.0,False,25.0
0.401333333333,3.52430186272,3.69467759132,SGDClassifier,ORB,False,True,True,50.0,0.25,False,15.0
0.401333333333,3.84233264923,3.86232447624,PassiveAggressiveClassifier,ORB,False,True,True,100.0,0.25,False,5.0
0.401333333333,3.23389158249,2.89250502586,BernoulliNB,ORB,False,False,True,100.0,1.0,True,20.0
0.401333333333,3.92297358513,3.62894845009,SGDClassifier,ORB,False,True,True,25.0,0.5,False,5.0
0.4,2.59140276909,2.74292416573,BernoulliNB,ORB,True,False,True,50.0,0.75,False,5.0
0.4,3.39233980179,3.70939025879,PassiveAggressiveClassifier,ORB,True,True,True,50.0,1.0,False,5.0
0.4,2.57011017799,2.75460977554,SGDClassifier,ORB,True,False,True,50.0,0.5,False,5.0
0.4,2.54482126236,2.70972805023,SGDClassifier,ORB,True,False,True,50.0,0.5,False,20.0
0.4,3.14902458191,3.58014836311,Perceptron,ORB,True,True,True,25.0,0.25,False,5.0
0.4,3.852480793,3.86657614708,SGDClassifier,ORB,False,True,True,100.0,0.25,False,10.0
0.4,3.39193024635,3.67376484871,Perceptron,ORB,True,True,True,50.0,0.25,False,5.0
0.4,3.23048882484,3.60579586029,BernoulliNB,ORB,True,True,True,25.0,1.0,False,5.0
0.398666666667,4.68593001366,4.11321539879,Perceptron,ORB,False,True,True,200.0,0.25,False,10.0
0.398666666667,3.42697491646,3.69553055763,BernoulliNB,ORB,True,True,True,50.0,1.0,True,20.0
0.398666666667,3.805971241,3.09659142494,BernoulliNB,ORB,False,False,True,200.0,0.25,False,10.0
0.398666666667,3.92455496788,3.10913095474,SGDClassifier,ORB,False,False,True,200.0,0.25,True,15.0
0.398666666667,2.61295099258,2.74402217865,Perceptron,ORB,False,False,True,50.0,0.75,True,10.0
0.398666666667,2.35271053314,2.64456324577,BernoulliNB,ORB,True,False,True,25.0,0.25,False,10.0
0.398666666667,2.39704475403,2.64325265884,Perceptron,ORB,True,False,True,25.0,0.25,False,15.0
0.398666666667,3.34577627182,3.67325220108,SGDClassifier,ORB,False,True,True,25.0,1.0,False,10.0
0.397333333333,3.89184961319,3.83161683083,SGDClassifier,ORB,True,True,True,100.0,1.0,True,15.0
0.397333333333,3.73065052032,3.68924717903,SGDClassifier,ORB,True,True,True,50.0,1.0,True,25.0
0.397333333333,3.46950335503,3.69708657265,SGDClassifier,ORB,False,True,True,50.0,0.75,False,5.0
0.397333333333,2.83284921646,2.75566077232,Perceptron,ORB,False,False,True,50.0,0.25,True,25.0
0.397333333333,4.82778539658,4.11213264465,SGDClassifier,ORB,True,True,True,200.0,0.75,False,15.0
0.397333333333,4.56272602081,4.11420559883,BernoulliNB,ORB,False,True,True,200.0,1.0,False,5.0
0.397333333333,3.12647342682,2.92724180222,BernoulliNB,ORB,False,False,True,100.0,1.0,True,10.0
0.397333333333,2.69915037155,2.75934100151,PassiveAggressiveClassifier,ORB,False,False,True,50.0,0.25,True,15.0
0.397333333333,2.54847741127,2.75444207191,BernoulliNB,ORB,False,False,True,50.0,0.5,False,5.0
0.396,3.92316942215,3.79286084175,BernoulliNB,ORB,True,True,True,100.0,0.5,True,15.0
0.396,3.4162446022,3.68422760963,PassiveAggressiveClassifier,ORB,True,True,True,50.0,0.5,True,5.0
0.396,2.68306703568,2.76942257881,Perceptron,ORB,False,False,True,50.0,0.5,False,15.0
0.396,3.81835279465,3.13845210075,Perceptron,ORB,True,False,True,200.0,0.25,True,10.0
0.396,3.17057666779,3.54298214912,Perceptron,ORB,False,True,True,25.0,0.25,False,20.0
0.396,3.9120680809,3.80671820641,Perceptron,ORB,True,True,True,100.0,0.75,False,20.0
0.396,3.20212378502,3.62882966995,Perceptron,ORB,True,True,True,25.0,1.0,False,10.0
0.396,3.40035977364,3.67050733566,BernoulliNB,ORB,False,True,True,25.0,0.75,True,25.0
0.396,2.59905357361,2.75211858749,PassiveAggressiveClassifier,ORB,False,False,True,50.0,0.5,False,10.0
0.396,3.93510098457,3.14945759773,PassiveAggressiveClassifier,ORB,True,False,True,200.0,0.5,False,5.0
0.396,4.75329937935,4.11778078079,SGDClassifier,ORB,False,True,True,200.0,0.75,True,10.0
0.396,3.79314689636,3.6610376358,PassiveAggressiveClassifier,ORB,False,True,True,50.0,1.0,True,15.0
0.394666666667,3.13571405411,3.64655184746,PassiveAggressiveClassifier,ORB,False,True,True,25.0,0.75,True,20.0
0.394666666667,3.21278562546,3.63003425598,Perceptron,ORB,True,True,True,25.0,0.75,False,10.0
0.394666666667,2.66173853874,2.69923276901,SGDClassifier,ORB,True,False,True,50.0,0.5,True,15.0
0.394666666667,3.74047393799,3.83044257164,PassiveAggressiveClassifier,ORB,True,True,True,100.0,0.5,True,5.0
0.393333333333,3.93687582016,3.1682528019,SGDClassifier,ORB,False,False,True,200.0,0.25,False,10.0
0.393333333333,4.22260642052,3.78998575211,Perceptron,ORB,True,True,True,100.0,0.75,True,10.0
0.393333333333,3.62865362167,3.75865983963,BernoulliNB,ORB,True,True,True,50.0,1.0,True,10.0
0.393333333333,4.50902404785,4.13181214333,Perceptron,ORB,False,True,True,200.0,0.25,False,5.0
0.393333333333,3.50097641945,3.71929159164,BernoulliNB,ORB,False,True,True,50.0,0.75,False,5.0
0.393333333333,2.57307534218,2.74580717087,SGDClassifier,ORB,True,False,True,50.0,0.5,True,20.0
0.393333333333,2.3174243927,2.62608218193,PassiveAggressiveClassifier,ORB,True,False,True,25.0,0.5,False,20.0
0.393333333333,3.19725255966,2.86726717949,SGDClassifier,ORB,True,False,True,100.0,0.75,False,15.0
0.392,3.97797780037,3.84481477737,PassiveAggressiveClassifier,ORB,False,True,True,100.0,1.0,True,10.0
0.392,2.60630507469,2.71134924889,SGDClassifier,ORB,True,False,True,50.0,0.25,True,15.0
0.392,3.94106559753,3.17940096855,BernoulliNB,ORB,False,False,True,200.0,1.0,True,10.0
0.392,4.01436080933,3.14541063309,PassiveAggressiveClassifier,ORB,False,False,True,200.0,0.5,True,10.0
0.392,3.61801462173,3.73062782288,SGDClassifier,ORB,True,True,True,50.0,0.75,False,15.0
0.392,3.33527116776,2.93102278709,SGDClassifier,ORB,True,False,True,100.0,0.75,True,10.0
0.392,2.33264842033,2.6696958065,SGDClassifier,ORB,True,False,True,25.0,0.25,False,15.0
0.392,3.28897652626,2.87589354515,PassiveAggressiveClassifier,ORB,True,False,True,100.0,0.25,False,25.0
0.392,3.72766542435,3.58451099396,SGDClassifier,ORB,True,True,True,50.0,1.0,False,10.0
0.392,3.52630844116,3.64422802925,BernoulliNB,ORB,True,True,True,25.0,1.0,False,25.0
0.392,3.56604218483,2.91295771599,SGDClassifier,ORB,False,False,True,100.0,1.0,True,25.0
0.390666666667,4.30887203217,3.15595402718,Perceptron,ORB,False,False,True,200.0,1.0,False,10.0
0.390666666667,3.45304942131,3.60223240852,PassiveAggressiveClassifier,ORB,True,True,True,25.0,1.0,True,25.0
0.390666666667,3.38587937355,3.66382546425,SGDClassifier,ORB,True,True,True,50.0,0.75,True,5.0
0.389333333333,2.788449049,2.79196200371,BernoulliNB,ORB,False,False,True,50.0,0.5,True,15.0
0.389333333333,4.63793725967,4.10920438766,SGDClassifier,ORB,False,True,True,200.0,1.0,True,10.0
0.389333333333,3.85792756081,3.74636521339,Perceptron,ORB,True,True,True,100.0,0.5,False,10.0
0.389333333333,3.20560121536,3.59862179756,BernoulliNB,ORB,True,True,True,25.0,0.5,False,5.0
0.389333333333,3.2845454216,3.61798639297,Perceptron,ORB,False,True,True,50.0,0.25,True,20.0
0.389333333333,4.03618922234,3.88002176285,SGDClassifier,ORB,False,True,True,100.0,0.75,True,15.0
0.388,3.53807096481,3.74323558807,PassiveAggressiveClassifier,ORB,False,True,True,50.0,0.75,True,20.0
0.388,2.42311449051,2.69539461136,BernoulliNB,ORB,False,False,True,25.0,0.5,False,10.0
0.388,3.95273480415,3.83124995232,SGDClassifier,ORB,True,True,True,100.0,0.75,False,10.0
0.388,2.69483413696,2.74557538033,SGDClassifier,ORB,True,False,True,50.0,1.0,True,20.0
0.386666666667,3.44754238129,3.64104180336,PassiveAggressiveClassifier,ORB,True,True,True,50.0,0.75,True,10.0
0.386666666667,3.4919233799,3.74666843414,Perceptron,ORB,False,True,True,50.0,0.25,True,15.0
0.386666666667,4.51060700417,4.10252594948,SGDClassifier,ORB,False,True,True,200.0,0.25,True,5.0
0.386666666667,3.47921032906,3.74875340462,PassiveAggressiveClassifier,ORB,False,True,True,50.0,1.0,True,20.0
0.386666666667,2.66218333244,2.71440320015,PassiveAggressiveClassifier,ORB,False,False,True,50.0,0.5,True,10.0
0.386666666667,2.58319506645,2.77315859795,Perceptron,ORB,False,False,True,50.0,0.5,False,5.0
0.386666666667,2.34293999672,2.67552061081,SGDClassifier,ORB,True,False,True,25.0,0.25,False,5.0
0.386666666667,3.51434159279,3.67201089859,PassiveAggressiveClassifier,ORB,False,True,True,50.0,0.25,True,15.0
0.386666666667,2.58890328407,2.78137021065,PassiveAggressiveClassifier,ORB,False,False,True,50.0,0.5,False,5.0
0.385333333333,2.65205302238,2.75078458786,BernoulliNB,ORB,True,False,True,50.0,0.5,True,20.0
0.385333333333,3.68011875153,3.61499576569,BernoulliNB,ORB,True,True,True,50.0,1.0,True,25.0
0.385333333333,2.53022079468,2.71893525124,Perceptron,ORB,True,False,True,50.0,0.5,True,20.0
0.385333333333,3.71870002747,3.7406106472,SGDClassifier,ORB,False,True,True,50.0,0.25,False,25.0
0.385333333333,2.28882222176,2.63044834137,BernoulliNB,ORB,False,False,True,25.0,0.25,False,20.0
0.385333333333,4.60091929436,4.1066886425,SGDClassifier,ORB,True,True,True,200.0,0.5,True,5.0
0.385333333333,4.71247296333,4.12509098053,SGDClassifier,ORB,False,True,True,200.0,0.25,True,10.0
0.384,2.35410223007,2.65820827484,Perceptron,ORB,True,False,True,25.0,0.25,False,5.0
0.384,3.27231721878,3.63971786499,BernoulliNB,ORB,True,True,True,25.0,0.75,False,5.0
0.384,3.35153436661,3.743846035,PassiveAggressiveClassifier,ORB,False,True,True,50.0,0.5,True,20.0
0.384,3.94097185135,3.16887040138,Perceptron,ORB,True,False,True,200.0,0.75,False,10.0
0.382666666667,2.59240322113,2.70115399361,BernoulliNB,ORB,False,False,True,25.0,1.0,False,5.0
0.382666666667,4.64200015068,4.09988417625,BernoulliNB,ORB,True,True,True,200.0,0.75,False,5.0
0.382666666667,4.68305053711,4.07463994026,PassiveAggressiveClassifier,ORB,True,True,True,200.0,0.5,True,10.0
0.382666666667,2.95836400986,2.84979581833,Perceptron,ORB,True,False,True,100.0,0.25,False,10.0
0.382666666667,2.80775780678,2.77404794693,Perceptron,ORB,False,False,True,50.0,0.75,False,15.0
0.382666666667,3.61326599121,3.65242557526,SGDClassifier,ORB,True,True,True,50.0,0.25,True,25.0
0.381333333333,4.55022854805,4.07856822014,SGDClassifier,ORB,True,True,True,200.0,0.5,False,5.0
0.381333333333,2.47422642708,2.6521800518,PassiveAggressiveClassifier,ORB,False,False,True,25.0,1.0,False,5.0
0.381333333333,2.84059681892,2.77707562447,PassiveAggressiveClassifier,ORB,False,False,True,50.0,0.25,True,10.0
0.381333333333,3.02245669365,2.9133398056,PassiveAggressiveClassifier,ORB,True,False,True,100.0,1.0,False,5.0
0.381333333333,3.46364159584,3.66696977615,PassiveAggressiveClassifier,ORB,False,True,True,25.0,0.5,True,25.0
0.38,3.47821941376,3.75659065247,Perceptron,ORB,False,True,True,50.0,1.0,False,10.0
0.38,4.5550675869,4.12495937347,SGDClassifier,ORB,True,True,True,200.0,0.75,False,5.0
0.38,2.50311636925,2.67755336761,PassiveAggressiveClassifier,ORB,True,False,True,25.0,0.75,False,15.0
0.378666666667,3.02242956161,2.91861739159,SGDClassifier,ORB,False,False,True,100.0,0.5,True,5.0
0.378666666667,3.47633681297,3.70260057449,PassiveAggressiveClassifier,ORB,False,True,True,50.0,0.25,False,5.0
0.378666666667,3.5967997551,3.70979046822,SGDClassifier,ORB,False,True,True,50.0,1.0,True,20.0
0.378666666667,4.59810447693,4.07220916748,SGDClassifier,ORB,True,True,True,200.0,1.0,True,5.0
0.378666666667,2.35867934227,2.67654423714,PassiveAggressiveClassifier,ORB,True,False,True,25.0,0.75,False,20.0
0.378666666667,3.58760180473,3.66303482056,BernoulliNB,ORB,True,True,True,50.0,0.25,True,25.0
0.377333333333,3.91449818611,3.16053342819,SGDClassifier,ORB,False,False,True,200.0,0.25,True,10.0
0.377333333333,3.80449180603,3.90766596794,SGDClassifier,ORB,False,True,True,100.0,0.5,True,5.0
0.377333333333,2.61637840271,2.75519566536,SGDClassifier,ORB,True,False,True,50.0,0.75,True,20.0
0.377333333333,2.92895917892,2.87064580917,Perceptron,ORB,True,False,True,100.0,0.25,False,5.0
0.377333333333,3.18376617432,2.85930323601,BernoulliNB,ORB,True,False,True,100.0,0.5,False,15.0
0.376,3.02964429855,2.87666296959,BernoulliNB,ORB,False,False,True,100.0,0.5,False,5.0
0.376,3.85705695152,3.82345519066,PassiveAggressiveClassifier,ORB,False,True,True,100.0,0.25,True,5.0
0.376,2.58865904808,2.68281679153,SGDClassifier,ORB,False,False,True,50.0,0.25,True,20.0
0.376,2.39712262154,2.67571969032,SGDClassifier,ORB,True,False,True,25.0,1.0,False,5.0
0.376,3.50481395721,3.72303519249,PassiveAggressiveClassifier,ORB,False,True,True,50.0,0.5,False,5.0
0.376,3.69093203545,3.73210687637,Perceptron,ORB,False,True,True,50.0,0.5,True,25.0
0.376,3.77816300392,3.22089095116,SGDClassifier,ORB,False,False,True,200.0,0.5,False,5.0
0.376,3.14327459335,3.64159426689,Perceptron,ORB,False,True,True,25.0,0.25,True,20.0
0.374666666667,3.49896922112,3.74873695374,SGDClassifier,ORB,False,True,True,50.0,0.5,False,10.0
0.374666666667,4.51617736816,3.99649891853,Perceptron,ORB,True,True,True,200.0,0.25,False,5.0
0.374666666667,3.5042801857,3.70415916443,BernoulliNB,ORB,True,True,True,50.0,0.5,True,15.0
0.374666666667,2.55758481026,2.67959885597,SGDClassifier,ORB,True,False,True,25.0,0.75,True,25.0
0.373333333333,3.51370697021,3.70800175667,Perceptron,ORB,True,True,True,50.0,1.0,True,15.0
0.373333333333,4.61903939247,4.11809082031,BernoulliNB,ORB,True,True,True,200.0,0.5,True,5.0
0.372,3.44365682602,3.63302083015,PassiveAggressiveClassifier,ORB,False,True,True,25.0,0.25,False,10.0
0.372,2.42309074402,2.71545639038,BernoulliNB,ORB,False,False,True,25.0,0.25,False,5.0
0.372,3.55589776039,3.68249139786,SGDClassifier,ORB,True,True,True,50.0,0.75,True,15.0
0.372,2.47210178375,2.68449649811,SGDClassifier,ORB,False,False,True,25.0,0.75,True,15.0
0.372,4.62635583878,4.09920024872,Perceptron,ORB,False,True,True,200.0,0.75,False,5.0
0.372,2.59599380493,2.66905050278,Perceptron,ORB,False,False,True,25.0,0.25,True,25.0
0.372,3.44698801041,3.6045440197,BernoulliNB,ORB,True,True,True,25.0,1.0,True,25.0
0.372,3.2765868187,3.55147480965,Perceptron,ORB,False,True,True,25.0,0.25,True,15.0
0.370666666667,4.55740880966,4.13504962921,Perceptron,ORB,False,True,True,200.0,0.75,True,5.0
0.370666666667,2.70054240227,2.74024038315,Perceptron,ORB,True,False,True,50.0,0.25,True,15.0
0.370666666667,2.48706436157,2.66246442795,PassiveAggressiveClassifier,ORB,True,False,True,25.0,0.25,True,25.0
0.370666666667,3.66111621857,3.12860918045,Perceptron,ORB,True,False,True,200.0,0.25,False,5.0
0.370666666667,3.47171196938,3.70868887901,SGDClassifier,ORB,True,True,True,50.0,1.0,True,10.0
0.370666666667,2.87306308746,2.76809301376,Perceptron,ORB,True,False,True,50.0,1.0,True,20.0
0.369333333333,3.42721352577,3.74672679901,SGDClassifier,ORB,False,True,True,50.0,0.75,True,5.0
0.369333333333,2.34864172935,2.70764665604,SGDClassifier,ORB,False,False,True,25.0,0.75,True,20.0
0.368,2.45459318161,2.68335614204,Perceptron,ORB,False,False,True,25.0,0.5,False,15.0
0.368,2.55485377312,2.75990428925,PassiveAggressiveClassifier,ORB,False,False,True,50.0,0.25,False,5.0
0.368,3.74299168587,3.16592969894,BernoulliNB,ORB,True,False,True,200.0,0.75,False,5.0
0.368,3.41412215233,3.69648199081,PassiveAggressiveClassifier,ORB,True,True,True,50.0,0.75,True,15.0
0.368,3.23561429977,3.58837223053,SGDClassifier,ORB,True,True,True,25.0,0.5,False,5.0
0.366666666667,3.38489179611,3.66582679749,SGDClassifier,ORB,True,True,True,50.0,1.0,True,20.0
0.366666666667,3.46014790535,3.6693921566,SGDClassifier,ORB,True,True,True,50.0,0.75,False,10.0
0.366666666667,3.69112296104,3.19993481636,SGDClassifier,ORB,False,False,True,200.0,1.0,False,5.0
0.366666666667,2.4009534359,2.6497317791,BernoulliNB,ORB,True,False,True,25.0,0.25,True,15.0
0.366666666667,3.38776979446,3.7128578186,SGDClassifier,ORB,False,True,True,50.0,0.75,True,20.0
0.366666666667,2.79434323311,2.81426796913,SGDClassifier,ORB,False,False,True,50.0,0.5,False,10.0
0.366666666667,3.41411261559,3.65685892105,PassiveAggressiveClassifier,ORB,True,True,True,50.0,0.5,True,10.0
0.366666666667,2.58352117538,2.69404587746,Perceptron,ORB,False,False,True,25.0,0.75,True,25.0
0.366666666667,2.43210945129,2.7116692543,Perceptron,ORB,False,False,True,25.0,0.5,True,5.0
0.365333333333,3.09523301125,2.83414020538,SGDClassifier,ORB,False,False,True,100.0,0.25,True,10.0
0.365333333333,2.48566503525,2.70079798698,Perceptron,ORB,False,False,True,25.0,0.75,True,15.0
0.365333333333,3.11079797745,2.92755498886,BernoulliNB,ORB,True,False,True,100.0,0.25,False,5.0
0.365333333333,3.77566623688,3.85734863281,SGDClassifier,ORB,True,True,True,100.0,1.0,True,5.0
0.365333333333,2.41023721695,2.6872191906,SGDClassifier,ORB,False,False,True,25.0,1.0,True,10.0
0.365333333333,2.60012521744,2.73571782112,Perceptron,ORB,True,False,True,50.0,0.5,True,5.0
0.365333333333,2.40956277847,2.68962221146,SGDClassifier,ORB,True,False,True,25.0,0.75,True,10.0
0.364,3.53512878418,3.67754998207,Perceptron,ORB,True,True,True,50.0,0.75,True,15.0
0.364,2.53601570129,2.75535182953,Perceptron,ORB,False,False,True,50.0,0.25,True,20.0
0.364,3.46393523216,3.73505821228,BernoulliNB,ORB,False,True,True,50.0,0.75,True,20.0
0.362666666667,2.61365976334,2.74344277382,PassiveAggressiveClassifier,ORB,False,False,True,50.0,0.25,True,5.0
0.362666666667,2.63312711716,2.72032699585,SGDClassifier,ORB,True,False,True,50.0,0.5,True,10.0
0.362666666667,3.00223221779,2.81077003479,SGDClassifier,ORB,False,False,True,50.0,0.5,False,5.0
0.362666666667,3.02446422577,2.8631529808,SGDClassifier,ORB,False,False,True,100.0,0.75,True,5.0
0.362666666667,3.69918274879,3.70145463943,Perceptron,ORB,False,True,True,50.0,0.75,True,5.0
0.362666666667,2.61440076828,2.66750154495,Perceptron,ORB,False,False,True,25.0,0.5,True,25.0
0.362666666667,2.42541956902,2.70124335289,SGDClassifier,ORB,False,False,True,25.0,0.5,True,10.0
0.361333333333,3.2570309639,3.62173404694,Perceptron,ORB,False,True,True,25.0,0.5,False,5.0
0.361333333333,3.80550603867,3.85571942329,BernoulliNB,ORB,False,True,True,100.0,1.0,True,5.0
0.361333333333,4.07340555191,3.82533535957,PassiveAggressiveClassifier,ORB,False,True,True,100.0,0.5,True,5.0
0.361333333333,3.55237617493,3.59578280449,Perceptron,ORB,True,True,True,50.0,0.25,True,10.0
0.361333333333,3.83543624878,3.81824641228,BernoulliNB,ORB,True,True,True,100.0,0.5,True,5.0
0.361333333333,2.71530861855,2.78064255714,SGDClassifier,ORB,False,False,True,50.0,1.0,True,20.0
0.361333333333,2.62071361542,2.75186343193,BernoulliNB,ORB,False,False,True,50.0,0.25,False,5.0
0.36,3.25941700935,3.627257061,SGDClassifier,ORB,True,True,True,25.0,0.75,True,15.0
0.36,4.4168817997,4.06597557068,SGDClassifier,ORB,True,True,True,200.0,0.75,True,5.0
0.36,2.37128505707,2.65698003769,BernoulliNB,ORB,False,False,True,25.0,0.5,True,20.0
0.36,2.61603684425,2.75413537025,PassiveAggressiveClassifier,ORB,False,False,True,50.0,1.0,True,5.0
0.36,3.3662437439,3.67461037636,PassiveAggressiveClassifier,ORB,True,True,True,50.0,0.25,True,10.0
0.358666666667,3.36600942612,3.65096940994,SGDClassifier,ORB,True,True,True,50.0,0.25,False,5.0
0.358666666667,3.40429573059,3.56568260193,PassiveAggressiveClassifier,ORB,True,True,True,50.0,0.75,True,20.0
0.358666666667,3.51847839355,3.69811758995,PassiveAggressiveClassifier,ORB,False,True,True,50.0,0.25,True,5.0
0.358666666667,2.76633257866,2.78376893997,SGDClassifier,ORB,False,False,True,50.0,0.75,True,15.0
0.358666666667,2.47679901123,2.67783350945,SGDClassifier,ORB,True,False,True,25.0,0.75,True,15.0
0.358666666667,3.31349616051,3.6482863903,PassiveAggressiveClassifier,ORB,False,True,True,25.0,0.5,True,15.0
0.358666666667,3.47028384209,3.75059366226,BernoulliNB,ORB,False,True,True,50.0,0.75,True,5.0
0.358666666667,3.42917537689,3.59093642235,PassiveAggressiveClassifier,ORB,True,True,True,25.0,0.75,True,25.0
0.357333333333,2.58294706345,2.74297323227,BernoulliNB,ORB,True,False,True,50.0,1.0,False,5.0
0.357333333333,2.63204021454,2.68186635971,BernoulliNB,ORB,True,False,True,25.0,0.5,False,15.0
0.357333333333,3.74624180794,3.78145956993,SGDClassifier,ORB,True,True,True,100.0,0.25,False,5.0
0.357333333333,2.38006439209,2.64545741081,SGDClassifier,ORB,True,False,True,25.0,0.75,True,20.0
0.357333333333,2.4006295681,2.66955537796,SGDClassifier,ORB,False,False,True,25.0,0.25,True,15.0
0.356,5.06038937569,3.30834722519,BernoulliNB,ORB,True,False,True,200.0,0.25,False,5.0
0.356,4.60479516983,3.99549136162,PassiveAggressiveClassifier,ORB,True,True,True,200.0,0.25,True,5.0
0.356,3.15500349998,3.6756146431,PassiveAggressiveClassifier,ORB,False,True,True,25.0,1.0,True,20.0
0.356,3.24021158218,3.54872260094,Perceptron,ORB,False,True,True,25.0,0.75,True,20.0
0.356,3.23429961205,3.51605539322,Perceptron,ORB,True,True,True,25.0,0.75,True,10.0
0.356,2.72535662651,2.75727119446,Perceptron,ORB,False,False,True,50.0,0.5,True,15.0
0.356,3.17451276779,3.59871497154,BernoulliNB,ORB,True,True,True,25.0,0.25,False,5.0
0.356,3.50484175682,3.66548380852,BernoulliNB,ORB,False,True,True,25.0,0.5,True,25.0
0.356,2.37434568405,2.64806194305,SGDClassifier,ORB,True,False,True,25.0,0.25,True,10.0
0.356,2.34256038666,2.65915594101,Perceptron,ORB,True,False,True,25.0,0.5,True,15.0
0.356,2.99222445488,2.89995121956,BernoulliNB,ORB,True,False,True,100.0,0.75,True,5.0
0.354666666667,2.87986369133,2.83069119453,Perceptron,ORB,True,False,True,50.0,0.75,True,5.0
0.354666666667,2.63214321136,2.64267816544,BernoulliNB,ORB,True,False,True,25.0,1.0,True,25.0
0.354666666667,2.33519301414,2.68788285255,PassiveAggressiveClassifier,ORB,True,False,True,25.0,1.0,True,20.0
0.354666666667,3.44709935188,3.74811658859,Perceptron,ORB,False,True,True,50.0,0.75,False,5.0
0.353333333333,3.190371418,3.55663199425,SGDClassifier,ORB,True,True,True,25.0,0.25,True,10.0
0.353333333333,3.08077392578,2.88445477486,SGDClassifier,ORB,False,False,True,100.0,0.25,False,5.0
0.353333333333,3.21480102539,3.62532172203,Perceptron,ORB,True,True,True,25.0,0.75,False,5.0
0.353333333333,2.68367056847,2.7174282074,SGDClassifier,ORB,False,False,True,25.0,1.0,True,25.0
0.352,3.17610821724,3.61070075035,BernoulliNB,ORB,True,True,True,25.0,1.0,True,20.0
0.352,2.3399263382,2.64535374641,SGDClassifier,ORB,True,False,True,25.0,0.25,True,20.0
0.352,2.40477643013,2.68364958763,Perceptron,ORB,False,False,True,25.0,1.0,True,5.0
0.352,3.00734958649,2.88509192467,PassiveAggressiveClassifier,ORB,True,False,True,100.0,1.0,True,5.0
0.352,2.56338539124,2.67115459442,BernoulliNB,ORB,False,False,True,25.0,0.75,True,25.0
0.350666666667,3.48975977898,3.68826651573,BernoulliNB,ORB,False,True,True,50.0,0.25,False,10.0
0.350666666667,3.42280240059,3.56508030891,BernoulliNB,ORB,True,True,True,25.0,0.5,True,25.0
0.350666666667,3.24238343239,2.88697423935,PassiveAggressiveClassifier,ORB,False,False,True,100.0,1.0,True,15.0
0.350666666667,3.12318062782,3.63328561783,Perceptron,ORB,True,True,True,25.0,0.75,True,20.0
0.350666666667,2.99353666306,2.91596064568,Perceptron,ORB,False,False,True,100.0,1.0,True,5.0
0.350666666667,3.19050717354,3.57889914513,SGDClassifier,ORB,True,True,True,25.0,0.75,True,5.0
0.349333333333,3.42805275917,3.55744361877,Perceptron,ORB,True,True,True,25.0,0.5,True,25.0
0.349333333333,2.72461123466,2.77815499306,BernoulliNB,ORB,False,False,True,50.0,0.75,True,15.0
0.349333333333,2.6217019558,2.77453055382,SGDClassifier,ORB,False,False,True,50.0,1.0,True,5.0
0.348,4.0207113266,3.13504018784,BernoulliNB,ORB,False,False,True,200.0,0.75,False,10.0
0.348,2.43840703964,2.68386144638,BernoulliNB,ORB,True,False,True,25.0,0.75,True,15.0
0.348,3.31219277382,3.65040998459,PassiveAggressiveClassifier,ORB,False,True,True,25.0,0.25,True,15.0
0.348,2.61577672958,2.70268135071,Perceptron,ORB,False,False,True,25.0,1.0,True,25.0
0.348,4.49801840782,4.12186512947,BernoulliNB,ORB,False,True,True,200.0,0.25,True,5.0
0.348,2.38267421722,2.68265423775,BernoulliNB,ORB,True,False,True,25.0,0.75,True,5.0
0.348,3.1147166729,3.60027503967,PassiveAggressiveClassifier,ORB,True,True,True,25.0,0.25,True,20.0
0.348,3.24468545914,3.59496622086,PassiveAggressiveClassifier,ORB,True,True,True,25.0,0.75,True,10.0
0.346666666667,2.35881552696,2.65537724495,SGDClassifier,ORB,False,False,True,25.0,0.25,True,10.0
0.346666666667,2.39629731178,2.68278279305,SGDClassifier,ORB,False,False,True,25.0,0.25,True,5.0
0.346666666667,3.52830877304,3.60705499649,BernoulliNB,ORB,False,True,True,25.0,1.0,True,10.0
0.346666666667,2.47252774239,2.69153184891,SGDClassifier,ORB,True,False,True,25.0,1.0,True,15.0
0.346666666667,3.30809855461,3.62803993225,Perceptron,ORB,False,True,True,25.0,0.5,True,5.0
0.345333333333,3.82458782196,3.80751218796,Perceptron,ORB,True,True,True,100.0,0.75,True,5.0
0.345333333333,3.4375679493,3.70154075623,Perceptron,ORB,True,True,True,50.0,1.0,True,5.0
0.345333333333,3.65232357979,3.70649843216,BernoulliNB,ORB,False,True,True,50.0,1.0,True,15.0
0.345333333333,3.24845991135,3.58363637924,Perceptron,ORB,True,True,True,25.0,0.75,True,15.0
0.345333333333,2.38417477608,2.66218318939,Perceptron,ORB,True,False,True,25.0,0.75,True,5.0
0.345333333333,2.44202942848,2.67046761513,Perceptron,ORB,False,False,True,25.0,0.5,True,10.0
0.344,2.42090883255,2.66577625275,BernoulliNB,ORB,False,False,True,25.0,0.75,True,10.0
0.344,4.75006775856,4.12900657654,PassiveAggressiveClassifier,ORB,True,True,True,200.0,0.5,True,5.0
0.344,2.3778008461,2.67750086784,Perceptron,ORB,False,False,True,25.0,0.25,True,10.0
0.344,2.40740933418,2.69354357719,SGDClassifier,ORB,False,False,True,25.0,0.75,True,10.0
0.344,2.4271987915,2.67359204292,SGDClassifier,ORB,True,False,True,25.0,0.5,True,5.0
0.344,3.21856155396,3.66751875877,Perceptron,ORB,False,True,True,25.0,0.5,True,20.0
0.344,2.45713057518,2.69639215469,BernoulliNB,ORB,False,False,True,25.0,0.75,True,15.0
0.342666666667,3.20324640274,3.62251677513,PassiveAggressiveClassifier,ORB,True,True,True,25.0,0.75,True,15.0
0.342666666667,3.17723579407,3.61538715363,BernoulliNB,ORB,False,True,True,25.0,0.75,True,20.0
0.342666666667,3.36838622093,3.69507842064,BernoulliNB,ORB,True,True,True,50.0,1.0,True,5.0
0.342666666667,2.67580900192,2.70218219757,SGDClassifier,ORB,False,False,True,50.0,0.75,True,10.0
0.342666666667,3.12923498154,3.60929474831,PassiveAggressiveClassifier,ORB,True,True,True,25.0,0.5,True,20.0
0.342666666667,3.28160443306,3.57467317581,PassiveAggressiveClassifier,ORB,True,True,True,25.0,0.5,True,15.0
0.342666666667,2.41161999702,2.70540556908,SGDClassifier,ORB,False,False,True,25.0,1.0,True,5.0
0.342666666667,2.41184744835,2.70034012794,BernoulliNB,ORB,False,False,True,25.0,0.75,True,5.0
0.341333333333,2.44216456413,2.70637521744,PassiveAggressiveClassifier,ORB,False,False,True,25.0,1.0,True,10.0
0.341333333333,2.33503232002,2.67322540283,Perceptron,ORB,False,False,True,25.0,0.25,True,20.0
0.341333333333,2.35657439232,2.69679274559,BernoulliNB,ORB,False,False,True,25.0,0.75,True,20.0
0.34,3.16534662247,3.52124648094,SGDClassifier,ORB,False,True,True,25.0,0.25,True,20.0
0.34,3.43928508759,3.63182520866,Perceptron,ORB,False,True,True,25.0,0.25,True,25.0
0.34,2.64417695999,2.7293712616,BernoulliNB,ORB,False,False,True,25.0,1.0,True,25.0
0.34,3.19403400421,3.61847238541,PassiveAggressiveClassifier,ORB,True,True,True,25.0,0.75,True,5.0
0.338666666667,2.44118680954,2.6923268795,BernoulliNB,ORB,False,False,True,25.0,0.5,True,10.0
0.338666666667,2.42187681198,2.69079904556,BernoulliNB,ORB,True,False,True,25.0,1.0,True,15.0
0.338666666667,3.26982226372,3.63715662956,Perceptron,ORB,False,True,True,25.0,0.75,True,10.0
0.337333333333,3.06213583946,3.61068458557,SGDClassifier,ORB,True,True,True,25.0,0.75,True,20.0
0.337333333333,2.33727731705,2.67926735878,Perceptron,ORB,True,False,True,25.0,0.75,True,20.0
0.337333333333,2.45241179466,2.67697319984,Perceptron,ORB,False,False,True,25.0,0.25,False,5.0
0.336,2.36429710388,2.67234239578,BernoulliNB,ORB,True,False,True,25.0,0.5,True,5.0
0.334666666667,2.44579424858,2.68634719849,BernoulliNB,ORB,False,False,True,25.0,1.0,True,5.0
0.334666666667,2.54245462418,2.67260422707,SGDClassifier,ORB,True,False,True,25.0,0.5,True,25.0
0.334666666667,2.35143165588,2.66681199074,PassiveAggressiveClassifier,ORB,False,False,True,25.0,0.75,True,20.0
0.334666666667,3.13554897308,3.61757035255,SGDClassifier,ORB,False,True,True,25.0,0.75,True,20.0
0.334666666667,2.49091644287,2.71677184105,Perceptron,ORB,False,False,True,25.0,1.0,True,10.0
0.333333333333,2.45211706161,2.69924573898,BernoulliNB,ORB,False,False,True,25.0,1.0,True,15.0
0.333333333333,4.52973556519,4.10269436836,Perceptron,ORB,True,True,True,200.0,0.75,True,5.0
0.333333333333,3.24220457077,3.60383191109,PassiveAggressiveClassifier,ORB,True,True,True,25.0,0.25,True,10.0
0.333333333333,4.79948534966,4.08698348999,BernoulliNB,ORB,True,True,True,200.0,0.5,True,10.0
0.333333333333,3.19751672745,3.57945542336,BernoulliNB,ORB,True,True,True,25.0,0.25,True,5.0
0.333333333333,3.1778567791,3.57523360252,Perceptron,ORB,True,True,True,25.0,0.25,True,5.0
0.333333333333,2.34933242798,2.67841744423,BernoulliNB,ORB,True,False,True,25.0,0.25,True,5.0
0.333333333333,2.34632959366,2.65775279999,SGDClassifier,ORB,True,False,True,25.0,0.25,True,5.0
0.333333333333,3.24964814186,3.60672502518,Perceptron,ORB,False,True,True,25.0,0.25,True,10.0
0.333333333333,3.26414260864,3.6426533699,Perceptron,ORB,False,True,True,25.0,0.5,True,10.0
0.333333333333,3.30275835991,3.55075697899,SGDClassifier,ORB,False,True,True,25.0,0.5,True,15.0
0.333333333333,2.41972241402,2.69475183487,BernoulliNB,ORB,False,False,True,25.0,0.5,True,5.0
0.333333333333,3.2141523838,3.64232535362,PassiveAggressiveClassifier,ORB,False,True,True,25.0,0.5,True,5.0
0.333333333333,2.38659462929,2.64215245247,Perceptron,ORB,True,False,True,25.0,1.0,True,5.0
0.333333333333,3.27055220604,3.62581062317,BernoulliNB,ORB,False,True,True,25.0,0.5,True,5.0
0.333333333333,2.44854564667,2.69544277191,PassiveAggressiveClassifier,ORB,True,False,True,25.0,1.0,True,5.0
0.333333333333,2.42632284164,2.68295583725,PassiveAggressiveClassifier,ORB,False,False,True,25.0,0.25,True,5.0
0.333333333333,3.21025676727,3.58235230446,PassiveAggressiveClassifier,ORB,True,True,True,25.0,0.5,True,10.0
0.333333333333,3.20778923035,3.62706317902,PassiveAggressiveClassifier,ORB,True,True,True,25.0,1.0,True,5.0
0.333333333333,2.34122200012,2.64281334877,Perceptron,ORB,True,False,True,25.0,0.25,True,5.0
0.333333333333,3.28921666145,3.65641441345,Perceptron,ORB,False,True,True,25.0,0.25,True,5.0
0.333333333333,3.2670566082,3.67790322304,SGDClassifier,ORB,False,True,True,25.0,1.0,True,5.0
0.333333333333,3.31009774208,3.64718875885,BernoulliNB,ORB,False,True,True,25.0,0.25,True,5.0
0.333333333333,3.27481098175,3.64923739433,SGDClassifier,ORB,False,True,True,25.0,0.5,True,5.0
0.333333333333,2.39109983444,2.64179763794,PassiveAggressiveClassifier,ORB,False,False,True,25.0,0.5,True,10.0
0.333333333333,3.22069997787,3.58561234474,BernoulliNB,ORB,True,True,True,25.0,0.5,True,10.0
0.333333333333,3.33153400421,3.66418657303,SGDClassifier,ORB,False,True,True,25.0,1.0,True,10.0
0.333333333333,3.13311500549,3.56985554695,PassiveAggressiveClassifier,ORB,False,True,True,25.0,0.25,True,20.0
0.333333333333,2.39057335854,2.68135099411,SGDClassifier,ORB,False,False,True,25.0,0.75,True,5.0
0.333333333333,2.42498426437,2.67875657082,PassiveAggressiveClassifier,ORB,False,False,True,25.0,0.75,True,5.0
0.333333333333,2.36295204163,2.68473029137,PassiveAggressiveClassifier,ORB,True,False,True,25.0,0.75,True,5.0
0.332,2.44785027504,2.67616376877,BernoulliNB,ORB,False,False,True,25.0,0.5,True,15.0
0.332,3.11435360909,3.65217761993,Perceptron,ORB,True,True,True,25.0,1.0,True,20.0
0.332,3.25138874054,3.67173433304,SGDClassifier,ORB,False,True,True,25.0,0.75,False,5.0
0.332,2.61001720428,2.77008929253,Perceptron,ORB,False,False,True,50.0,0.5,True,5.0
0.332,3.21712217331,3.61940312386,Perceptron,ORB,True,True,True,25.0,0.5,True,5.0
0.332,4.76063323021,4.20391783714,BernoulliNB,ORB,False,True,True,200.0,0.75,True,5.0
0.332,3.74608101845,3.15720515251,Perceptron,ORB,False,False,True,200.0,0.5,True,5.0
0.332,3.30335206985,3.60520334244,SGDClassifier,ORB,False,True,True,25.0,0.25,True,5.0
0.332,3.28796048164,3.62421579361,Perceptron,ORB,False,True,True,25.0,0.75,True,5.0
0.332,2.3336274147,2.66847505569,PassiveAggressiveClassifier,ORB,True,False,True,25.0,0.75,True,20.0
0.330666666667,2.61042718887,2.62295761108,PassiveAggressiveClassifier,ORB,False,False,True,25.0,0.5,True,25.0
0.330666666667,2.59946336746,2.73569922447,Perceptron,ORB,True,False,True,50.0,1.0,True,5.0
0.330666666667,2.39790658951,2.64891057014,PassiveAggressiveClassifier,ORB,True,False,True,25.0,0.25,True,15.0
0.330666666667,2.47317538261,2.70165262222,SGDClassifier,ORB,False,False,True,25.0,1.0,True,15.0
0.330666666667,3.84147005081,3.19216442108,BernoulliNB,ORB,False,False,True,200.0,1.0,True,5.0
0.329333333333,4.55546975136,4.09957718849,PassiveAggressiveClassifier,ORB,False,True,True,200.0,0.75,False,5.0
0.329333333333,2.44927921295,2.69502000809,PassiveAggressiveClassifier,ORB,False,False,True,25.0,0.75,True,15.0
0.329333333333,3.11684403419,3.60531101227,SGDClassifier,ORB,True,True,True,25.0,0.25,True,20.0
0.328,2.38331818581,2.6614985466,PassiveAggressiveClassifier,ORB,True,False,True,25.0,0.75,True,10.0
0.328,3.20987000465,3.61421742439,BernoulliNB,ORB,True,True,True,25.0,0.25,True,10.0
0.328,3.53855953217,3.6494989872,SGDClassifier,ORB,False,True,True,25.0,0.25,True,25.0
0.326666666667,3.27833118439,3.61842918396,SGDClassifier,ORB,False,True,True,25.0,0.5,True,10.0
0.325333333333,3.34998698235,3.6828933239,PassiveAggressiveClassifier,ORB,True,True,True,50.0,0.25,True,5.0
0.325333333333,3.21753225327,3.62384390831,Perceptron,ORB,True,True,True,25.0,1.0,True,10.0
0.324,3.81957492828,3.84777841568,BernoulliNB,ORB,True,True,True,100.0,1.0,False,5.0
0.324,3.27148995399,3.58086957932,Perceptron,ORB,True,True,True,25.0,1.0,True,15.0
0.322666666667,3.76911377907,3.17879843712,BernoulliNB,ORB,True,False,True,200.0,1.0,True,5.0
0.322666666667,3.36811537743,3.59794659615,SGDClassifier,ORB,True,True,True,25.0,0.75,True,25.0
0.322666666667,3.25398659706,3.58623423576,SGDClassifier,ORB,True,True,True,25.0,1.0,True,15.0
0.322666666667,3.21466293335,3.57447781563,BernoulliNB,ORB,True,True,True,25.0,0.5,True,20.0
0.321333333333,2.54053282738,2.73443179131,BernoulliNB,ORB,True,False,True,50.0,0.5,True,5.0
0.321333333333,3.27782998085,3.61602101326,SGDClassifier,ORB,False,True,True,25.0,0.75,True,15.0
0.321333333333,3.22520503998,3.61977181435,SGDClassifier,ORB,True,True,True,25.0,1.0,True,5.0
0.32,2.34371242523,2.66849746704,SGDClassifier,ORB,True,False,True,25.0,0.5,True,20.0
0.32,3.22314457893,3.61377205849,SGDClassifier,ORB,True,True,True,25.0,1.0,True,10.0
0.318666666667,2.37336297035,2.69534378052,Perceptron,ORB,False,False,True,25.0,0.75,True,10.0
0.317333333333,3.0090154171,2.8782304287,BernoulliNB,ORB,True,False,True,100.0,0.5,False,5.0
0.316,3.3116294384,3.6864985466,Perceptron,ORB,False,True,True,25.0,1.0,True,15.0
0.314666666667,2.59236559868,2.73247766495,BernoulliNB,ORB,True,False,True,50.0,0.75,True,5.0
0.314666666667,2.39588875771,2.67175540924,Perceptron,ORB,True,False,True,25.0,0.5,True,10.0
0.313333333333,3.38021416664,3.67225284576,Perceptron,ORB,True,True,True,50.0,0.25,True,5.0
0.313333333333,3.35986542702,3.68496384621,Perceptron,ORB,True,True,True,50.0,0.5,True,10.0
0.312,3.51352920532,3.67451324463,BernoulliNB,ORB,False,True,True,25.0,1.0,True,25.0
0.312,2.57017583847,2.69801483154,Perceptron,ORB,True,False,True,25.0,0.75,True,10.0
0.304,3.46893501282,3.71398582458,BernoulliNB,ORB,False,True,True,50.0,1.0,True,5.0
0.296,3.41627378464,3.72739958763,BernoulliNB,ORB,False,True,True,50.0,0.5,True,5.0
0.294666666667,2.63685078621,2.69575572014,BernoulliNB,ORB,True,False,True,50.0,0.5,True,10.0
0.293333333333,2.60092759132,2.7024207592,SGDClassifier,ORB,False,False,True,25.0,0.75,True,25.0
0.292,2.37174816132,2.70321817398,PassiveAggressiveClassifier,ORB,False,False,True,25.0,1.0,True,20.0
0.285333333333,2.67959699631,2.78189902306,BernoulliNB,ORB,True,False,True,50.0,1.0,True,5.0
0.28,3.39957585335,3.68685827255,BernoulliNB,ORB,True,True,True,50.0,0.25,True,5.0
